DOID:10113	MESH:D014352
DOID:10718	MESH:D005873
DOID:13406	MESH:D017565
DOID:1947	MESH:D014245
DOID:7551	MESH:D006069
DOID:0014667	MESH:D008659
DOID:0050700	MESH:D009202
DOID:104	MESH:D001424
DOID:104	MESH:D016905
DOID:104	MESH:D016908
DOID:10533	MESH:D011024
DOID:1074	MESH:D051437
DOID:10763	MESH:D006973
DOID:11247	MESH:D004211
DOID:11394	MESH:D012128
DOID:11396	MESH:D011654
DOID:114	MESH:D006331
DOID:12177	MESH:D017074
DOID:1227	MESH:D009503
DOID:1247	MESH:D001778
DOID:1273	MESH:D018357
DOID:1287	MESH:D002318
DOID:12987	MESH:D000380
DOID:162	MESH:D009369
DOID:17	MESH:D009140
DOID:178	MESH:D000783
DOID:178	MESH:D014652
DOID:178	MESH:D020758
DOID:178	MESH:D020760
DOID:1936	MESH:D050197
DOID:2043	MESH:D006509
DOID:2043	MESH:D019694
DOID:2089	MESH:D003248
DOID:225	MESH:D013577
DOID:2320	MESH:D008173
DOID:2348	MESH:D050197
DOID:2349	MESH:D001161
DOID:2452	MESH:D019851
DOID:2583	MESH:D000361
DOID:2945	MESH:D045169
DOID:2988	MESH:D016736
DOID:3082	MESH:D017563
DOID:3083	MESH:D029424
DOID:331	MESH:D002493
DOID:3393	MESH:D003324
DOID:3393	MESH:D003327
DOID:3393	MESH:D017202
DOID:3683	MESH:D008175
DOID:3770	MESH:D011658
DOID:409	MESH:D008107
DOID:4194	MESH:D044882
DOID:5295	MESH:D007410
DOID:5362	MESH:D017573
DOID:5364	MESH:D003074
DOID:552	MESH:D011014
DOID:557	MESH:D007674
DOID:576	MESH:D011507
DOID:5844	MESH:D009203
DOID:612	MESH:D007153
DOID:614	MESH:D008231
DOID:615	MESH:D007970
DOID:627	MESH:D016511
DOID:65	MESH:D003240
DOID:6713	MESH:D020521
DOID:6713	MESH:D002561
DOID:74	MESH:D006402
DOID:77	MESH:D004066
DOID:784	MESH:D007676
DOID:8469	MESH:D007251
DOID:850	MESH:D008171
DOID:8622	MESH:D008457
DOID:863	MESH:D009422
DOID:934	MESH:D014777
DOID:934	MESH:D001102
DOID:9351	MESH:D003920
DOID:9352	MESH:D003924
DOID:936	MESH:D001927
DOID:9500	MESH:D007960
DOID:10969	MESH:D006429
DOID:10992	MESH:D004684
DOID:4977	MESH:D008209
DOID:639	MESH:D004673
DOID:640	MESH:D004679
DOID:0001816	MESH:D006394
DOID:0002116	MESH:D011625
DOID:0050061	MESH:D004887
DOID:0050118	MESH:D004670
DOID:0050120	MESH:D051359
DOID:0050133	MESH:D010854
DOID:0050144	MESH:D007619
DOID:0050152	MESH:D011015
DOID:0050156	MESH:D054990
DOID:0050157	MESH:D018549
DOID:0050158	MESH:C562470
DOID:0050175	MESH:D004675
DOID:0050214	MESH:D015624
DOID:0050328	MESH:D003409
DOID:0050335	MESH:C564243
DOID:0050424	MESH:D011125
DOID:0050425	MESH:D012148
DOID:0050426	MESH:D013262
DOID:0050427	MESH:D014983
DOID:0050428	MESH:D015776
DOID:0050429	MESH:D016506
DOID:0050430	MESH:D018813
DOID:0050431	MESH:D019571
DOID:0050432	MESH:D020817
DOID:0050433	MESH:D034062
DOID:0050434	MESH:D050030
DOID:0050436	MESH:D050336
DOID:0050437	MESH:D052120
DOID:0050438	MESH:D052159
DOID:0050439	MESH:D052245
DOID:0050440	MESH:D052496
DOID:0050441	MESH:D052517
DOID:0050444	MESH:D052919
DOID:0050445	MESH:D053098
DOID:0050448	MESH:D053529
DOID:0050449	MESH:D053549
DOID:0050450	MESH:D053579
DOID:0050451	MESH:D053840
DOID:0050452	MESH:D054078
DOID:0050453	MESH:D054082
DOID:0050454	MESH:D054091
DOID:0050456	MESH:D054312
DOID:0050457	MESH:D054331
DOID:0050458	MESH:D054429
DOID:0050459	MESH:D054559
DOID:0050460	MESH:D054877
DOID:0050461	MESH:D054880
DOID:0050462	MESH:D054882
DOID:0050463	MESH:D055036
DOID:0050464	MESH:D055577
DOID:0050465	MESH:D055653
DOID:0050466	MESH:D055947
DOID:0050467	MESH:D056266
DOID:0050468	MESH:D056684
DOID:0050469	MESH:D056685
DOID:0050470	MESH:D056731
DOID:0050471	MESH:D056733
DOID:0050472	MESH:D056734
DOID:0050473	MESH:D056769
DOID:0050474	MESH:D056770
DOID:0050475	MESH:D056846
DOID:0050476	MESH:D056889
DOID:0050477	MESH:D056929
DOID:0050486	MESH:D005076
DOID:0050495	MESH:D005077
DOID:0050523	MESH:D015459
DOID:0050534	MESH:C537743
DOID:0050589	MESH:D015212
DOID:0050591	MESH:D000848
DOID:0050597	MESH:D012554
DOID:0050597	MESH:D012555
DOID:0050619	MESH:D010255
DOID:0050647	MESH:C535388
DOID:0050651	MESH:D004694
DOID:0050654	MESH:C536788
DOID:0050681	MESH:C536575
DOID:0050686	MESH:D009371
DOID:0050699	MESH:C538212
DOID:0050699	MESH:C564487
DOID:0050699	MESH:D057973
DOID:0050741	MESH:D010610
DOID:0050742	MESH:D014029
DOID:0050746	MESH:D020522
DOID:0050747	MESH:D008258
DOID:0050759	MESH:D020967
DOID:0050773	MESH:D010235
DOID:0050782	MESH:D015043
DOID:0050783	MESH:D020528
DOID:0050784	MESH:D020528
DOID:0050785	MESH:D020528
DOID:0050791	MESH:C536665
DOID:0050796	MESH:C536010
DOID:0050797	MESH:C536662
DOID:0050802	MESH:C536201
DOID:0050820	MESH:D054537
DOID:0050834	MESH:D058747
DOID:0050835	MESH:D004422
DOID:0050835	MESH:D020821
DOID:0050841	MESH:D020821
DOID:0050848	MESH:D012891
DOID:0050865	MESH:D002294
DOID:0050873	MESH:D008224
DOID:0050876	MESH:D016767
DOID:0050902	MESH:D008527
DOID:0050902	MESH:D018242
DOID:0050908	MESH:D009190
DOID:0060013	MESH:D053632
DOID:0060020	MESH:C538361
DOID:0060025	MESH:D017098
DOID:0060055	MESH:C562509
DOID:0060058	MESH:D008223
DOID:0060061	MESH:D016410
DOID:0060119	MESH:D010610
DOID:0060123	MESH:D012983
DOID:0060125	MESH:D006362
DOID:0060155	MESH:C531604
DOID:0060157	MESH:C531609
DOID:0060160	MESH:D014897
DOID:0060161	MESH:D055534
DOID:0060162	MESH:D020191
DOID:0060180	MESH:D003092
DOID:0060181	MESH:D017091
DOID:0060182	MESH:D046728
DOID:0060183	MESH:D046729
DOID:0060184	MESH:D046730
DOID:0060185	MESH:D004761
DOID:0060189	MESH:D007079
DOID:0060192	MESH:D003424
DOID:0060215	MESH:D002549
DOID:0060216	MESH:D055952
DOID:0060218	MESH:D017675
DOID:0060224	MESH:D001281
DOID:0060226	MESH:C538186
DOID:0060227	MESH:C538225
DOID:0060230	MESH:C536275
DOID:0060234	MESH:C563187
DOID:0060235	MESH:C535589
DOID:0060236	MESH:C562584
DOID:0060236	MESH:C566358
DOID:0060237	MESH:C536681
DOID:0060238	MESH:C536530
DOID:0060239	MESH:C536528
DOID:0060239	MESH:C563529
DOID:0060240	MESH:563466
DOID:0060241	MESH:C535314
DOID:0060241	MESH:C535725
DOID:0060242	MESH:C538153
DOID:0060243	MESH:D013342
DOID:0060246	MESH:C536029
DOID:0060247	MESH:C564589
DOID:0060248	MESH:C537340
DOID:0060249	MESH:D012600
DOID:0060251	MESH:C537525
DOID:0060252	MESH:C565209
DOID:0060254	MESH:C562492
DOID:0060256	MESH:C562924
DOID:0060257	MESH:C535729
DOID:0060258	MESH:C562924
DOID:0060260	MESH:D001763
DOID:0060262	MESH:D005705
DOID:0060263	MESH:D065708
DOID:0060264	MESH:C580383
DOID:0060267	MESH:C564738
DOID:0060268	MESH:C567325
DOID:0060269	MESH:C567324
DOID:0060272	MESH:C548072
DOID:0060273	MESH:C536716
DOID:0060274	MESH:C537745
DOID:0060275	MESH:C548074
DOID:0060280	MESH:C566469
DOID:0060280	MESH:C566472
DOID:0060282	MESH:D054514
DOID:0060284	MESH:D006457
DOID:0060285	MESH:C566826
DOID:0060288	MESH:C537746
DOID:0060288	MESH:C567664
DOID:0060289	MESH:C536232
DOID:0060290	MESH:C536717
DOID:0060291	MESH:C563160
DOID:0060292	MESH:C002806
DOID:0060294	MESH:C536214
DOID:0060296	MESH:C536210
DOID:0060304	MESH:C535730
DOID:0060305	MESH:C562829
DOID:0060306	MESH:C538012
DOID:0060312	MESH:D002613
DOID:0060313	MESH:C557675
DOID:0060315	MESH:D017733
DOID:0060316	MESH:D009958
DOID:0060317	MESH:D008169
DOID:0060318	MESH:D015473
DOID:0060319	MESH:D006323
DOID:0060320	MESH:D006552
DOID:0060321	MESH:D006554
DOID:0060322	MESH:D008417
DOID:0060326	MESH:D008591
DOID:0060327	MESH:D006554
DOID:0060329	MESH:D011271
DOID:0060336	MESH:C579867
DOID:0060337	MESH:C537943
DOID:0060345	MESH:D016917
DOID:0060346	MESH:C538343
DOID:0060347	MESH:C563159
DOID:0060348	MESH:C537157
DOID:0060349	MESH:C537711
DOID:0060350	MESH:C538228
DOID:0060352	MESH:C563043
DOID:0060354	MESH:C566108
DOID:0060356	MESH:C535566
DOID:0060357	MESH:C535460
DOID:0060358	MESH:D054069
DOID:0060359	MESH:C537227
DOID:0060360	MESH:C566323
DOID:0060362	MESH:C535653
DOID:0060364	MESH:C537548
DOID:0060366	MESH:C537255
DOID:0060373	MESH:C557817
DOID:0060374	MESH:C537133
DOID:0060375	MESH:C557819
DOID:0060376	MESH:C536531
DOID:0060377	MESH:C563104
DOID:0060378	MESH:C557820
DOID:0060380	MESH:C563491
DOID:0060381	MESH:C557821
DOID:0060382	MESH:C557818
DOID:0060383	MESH:C538183
DOID:0060384	MESH:C538182
DOID:0060385	MESH:C538185
DOID:0060386	MESH:C535924
DOID:0060387	MESH:C537914
DOID:0060389	MESH:C567385
DOID:0060390	MESH:C567182
DOID:0060393	MESH:C557830
DOID:0060394	MESH:C567439
DOID:0060395	MESH:C579849
DOID:0060397	MESH:C567232
DOID:0060402	MESH:D054221
DOID:0060406	MESH:C538309
DOID:0060407	MESH:C536580
DOID:0060408	MESH:C567810
DOID:0060410	MESH:C535362
DOID:0060418	MESH:C536808
DOID:0060419	MESH:C567184
DOID:0060438	MESH:C535963
DOID:0060439	MESH:C562687
DOID:0060444	MESH:C535474
DOID:0060445	MESH:C566452
DOID:0060446	MESH:C567587
DOID:0060447	MESH:C535477
DOID:0060448	MESH:C563256
DOID:0060449	MESH:C535480
DOID:0060450	MESH:C567588
DOID:0060451	MESH:D053559
DOID:0060452	MESH:C567546
DOID:0060453	MESH:C535476
DOID:0060454	MESH:C567547
DOID:0060455	MESH:C535942
DOID:0060456	MESH:C535475
DOID:0060457	MESH:C562745
DOID:0060459	MESH:C567626
DOID:0060462	MESH:C535943
DOID:0060464	MESH:C537734
DOID:0060465	MESH:C562524
DOID:0060466	MESH:C562884
DOID:0060468	MESH:C535326
DOID:0060471	MESH:C536525
DOID:0060472	MESH:C536321
DOID:0060473	MESH:C537705
DOID:0060476	MESH:C536399
DOID:0060478	MESH:D000071243
DOID:0060479	MESH:C537330
DOID:0060481	MESH:C537279
DOID:0060482	MESH:C567416
DOID:0060484	MESH:C557674
DOID:0060485	MESH:C536990
DOID:0060486	MESH:C566822
DOID:0060488	MESH:C537403
DOID:0060490	MESH:C536629
DOID:0060491	MESH:C563702
DOID:0060536	MESH:C537475
DOID:0060537	MESH:C565375
DOID:0060538	MESH:D055665
DOID:0060549	MESH:C537908
DOID:0060550	MESH:C535557
DOID:0060556	MESH:C537177
DOID:0060559	MESH:C537194
DOID:0060560	MESH:C564369
DOID:0060561	MESH:C580047
DOID:0060562	MESH:D063748
DOID:0060563	MESH:C566815
DOID:0060565	MESH:C535313
DOID:0060566	MESH:C535327
DOID:0060567	MESH:C535509
DOID:0060569	MESH:C535572
DOID:0060570	MESH:D014381
DOID:0060573	MESH:D056725
DOID:0060574	MESH:D056728
DOID:0060589	MESH:C536719
DOID:0060590	MESH:C567043
DOID:0060591	MESH:C536697
DOID:0060597	MESH:D054438
DOID:0060599	MESH:C538336
DOID:0060600	MESH:C536446
DOID:0060604	MESH:C562396
DOID:0060610	MESH:C536138
DOID:0060614	MESH:C536937
DOID:0060640	MESH:C535737
DOID:0060650	MESH:C536171
DOID:0060673	MESH:C537884
DOID:0060680	MESH:C563184
DOID:0060688	MESH:D002538
DOID:0060693	MESH:C563156
DOID:0060694	MESH:C563363
DOID:0060696	MESH:D000071017
DOID:0060703	MESH:C537369
DOID:0060744	MESH:C536648
DOID:0060799	MESH:C537723
DOID:0060801	MESH:C537451
DOID:0060808	MESH:C537449
DOID:0060812	MESH:C537333
DOID:0060815	MESH:C537472
DOID:0060818	MESH:C535556
DOID:0060821	MESH:C537923
DOID:0060825	MESH:C537450
DOID:0060832	MESH:C537301
DOID:0060833	MESH:C537302
DOID:0060834	MESH:C537303
DOID:0060844	MESH:C537849
DOID:0060847	MESH:C537119
DOID:0060849	MESH:C536063
DOID:0060850	MESH:C536376
DOID:0060852	MESH:C537185
DOID:0060853	MESH:C536578
DOID:0060854	MESH:D011546
DOID:0060855	MESH:D011546
DOID:0060857	MESH:D025962
DOID:0060877	MESH:D053560
DOID:0060886	MESH:C536053
DOID:0060889	MESH:D011535
DOID:0060901	MESH:D008258
DOID:0060902	MESH:C537848
DOID:0070143	MESH:C535990
DOID:0070145	MESH:D000699
DOID:0080001	MESH:D001847
DOID:0080011	MESH:D001862
DOID:0080158	MESH:D007635
DOID:0080158	MESH:D016849
DOID:0080159	MESH:D016919
DOID:0080160	MESH:D017726
DOID:0080161	MESH:D002179
DOID:0080162	MESH:D008181
DOID:0080176	MESH:D008585
DOID:0080177	MESH:D006504
DOID:0080178	MESH:D052016
DOID:0080179	MESH:D008583
DOID:0080202	MESH:D003528
DOID:0090019	MESH:C537345
DOID:0090028	MESH:C535393
DOID:0090106	MESH:C535325
DOID:0090112	MESH:C536329
DOID:0090117	MESH:C536510
DOID:0090118	MESH:C535982
DOID:0090119	MESH:C535289
DOID:0090121	MESH:C537422
DOID:0090121	MESH:D043204
DOID:0090124	MESH:C536614
DOID:0090142	MESH:C535408
DOID:0090144	MESH:C536390
DOID:0090145	MESH:C535600
DOID:0110633	MESH:C535683
DOID:0110734	MESH:C538421
DOID:0110737	MESH:C548080
DOID:0110861	MESH:D016891
DOID:0110861	MESH:D017044
DOID:0110937	MESH:C536056
DOID:0110965	MESH:C537089
DOID:0110968	MESH:C537092
DOID:0110970	MESH:C537093
DOID:0110973	MESH:C535914
DOID:0111028	MESH:C537249
DOID:0111030	MESH:C537248
DOID:0111034	MESH:C537247
DOID:0111044	MESH:D055652
DOID:0111049	MESH:D055652
DOID:0111050	MESH:C536260
DOID:0111054	MESH:D056729
DOID:0111060	MESH:C536605
DOID:0111068	MESH:C535444
DOID:0111069	MESH:C535443
DOID:0111070	MESH:C566340
DOID:0111071	MESH:C535442
DOID:0111078	MESH:C536815
DOID:0111079	MESH:C537630
DOID:0111148	MESH:C536184
DOID:0111148	MESH:D004479
DOID:0111151	MESH:D000788
DOID:0111152	MESH:C537372
DOID:0111157	MESH:C536362
DOID:0111157	MESH:D005871
DOID:10003	MESH:D006313
DOID:10003	MESH:D006316
DOID:10003	MESH:D006319
DOID:10016	MESH:D018814
DOID:10017	MESH:D018761
DOID:1002	MESH:D004716
DOID:10021	MESH:D004379
DOID:10024	MESH:D020325
DOID:10027	MESH:D013606
DOID:1003	MESH:D000292
DOID:10032	MESH:D019568
DOID:10035	MESH:D009494
DOID:10039	MESH:D009494
DOID:10041	MESH:D004416
DOID:10073	MESH:C536775
DOID:10074	MESH:D006925
DOID:10075	MESH:D004169
DOID:10079	MESH:D003551
DOID:10080	MESH:D013031
DOID:10112	MESH:D014353
DOID:10122	MESH:C562400
DOID:10124	MESH:D003316
DOID:10126	MESH:D007640
DOID:10128	MESH:D014689
DOID:10138	MESH:D014985
DOID:10140	MESH:D015352
DOID:10141	MESH:D001248
DOID:10155	MESH:D007414
DOID:10156	MESH:D007078
DOID:10159	MESH:D010020
DOID:10175	MESH:D010211
DOID:10176	MESH:D012173
DOID:10192	MESH:D008067
DOID:1022	MESH:D010874
DOID:10223	MESH:D003882
DOID:1023	MESH:D015439
DOID:10235	MESH:D015835
DOID:10236	MESH:D005084
DOID:1024	MESH:D007918
DOID:10241	MESH:D013789
DOID:10242	MESH:D016873
DOID:1025	MESH:D015441
DOID:10250	MESH:D008146
DOID:10264	MESH:D009107
DOID:10283	MESH:D011471
DOID:10289	MESH:C549759
DOID:1029	MESH:D010245
DOID:10293	MESH:D004948
DOID:10300	MESH:D011928
DOID:10301	MESH:D010309
DOID:10302	MESH:D010305
DOID:10303	MESH:D012793
DOID:10310	MESH:D008587
DOID:10314	MESH:D004696
DOID:10316	MESH:D011009
DOID:10320	MESH:D001195
DOID:10321	MESH:C537080
DOID:10322	MESH:D001607
DOID:10323	MESH:D002095
DOID:10324	MESH:D000874
DOID:10325	MESH:D012829
DOID:10326	MESH:D002205
DOID:10327	MESH:D055008
DOID:10328	MESH:D012806
DOID:10348	MESH:D016569
DOID:10350	MESH:D047688
DOID:10354	MESH:D005348
DOID:1037	MESH:D007945
DOID:10371	MESH:D015001
DOID:10375	MESH:D000550
DOID:10376	MESH:D000550
DOID:10383	MESH:D020968
DOID:1039	MESH:D015463
DOID:10393	MESH:D010005
DOID:10398	MESH:D010930
DOID:1040	MESH:D015451
DOID:10426	MESH:D007714
DOID:10456	MESH:D014069
DOID:10457	MESH:D007877
DOID:10458	MESH:D007876
DOID:10459	MESH:D003139
DOID:10460	MESH:D009304
DOID:10480	MESH:D003965
DOID:10485	MESH:D004933
DOID:10486	MESH:D007409
DOID:10487	MESH:D006627
DOID:10488	MESH:D001006
DOID:10534	MESH:D013274
DOID:10540	MESH:C535648
DOID:10554	MESH:D008590
DOID:1056	MESH:D009800
DOID:10575	MESH:D002128
DOID:10581	MESH:D007966
DOID:10582	MESH:D012035
DOID:10584	MESH:C538365
DOID:10584	MESH:D012174
DOID:10587	MESH:D007965
DOID:10588	MESH:D000326
DOID:10588	MESH:D002549
DOID:10591	MESH:D011225
DOID:10595	MESH:D002607
DOID:106	MESH:D014396
DOID:1060	MESH:D006250
DOID:10600	MESH:D013981
DOID:10602	MESH:D045602
DOID:10603	MESH:D018149
DOID:10604	MESH:D007787
DOID:10605	MESH:D012778
DOID:10606	MESH:D001765
DOID:10607	MESH:D013182
DOID:10608	MESH:D002446
DOID:10609	MESH:D012279
DOID:10611	MESH:D011504
DOID:1062	MESH:D005198
DOID:10629	MESH:D008850
DOID:1063	MESH:D009395
DOID:10632	MESH:D014929
DOID:1064	MESH:D003554
DOID:10646	MESH:D012569
DOID:10652	MESH:D000544
DOID:1067	MESH:D005902
DOID:10686	MESH:C535998
DOID:10690	MESH:D008413
DOID:10699	MESH:D010237
DOID:1070	MESH:C562750
DOID:1073	MESH:D006977
DOID:10754	MESH:D010033
DOID:10755	MESH:D059270
DOID:10762	MESH:D006975
DOID:10772	MESH:D011697
DOID:10773	MESH:D010930
DOID:10780	MESH:C536842
DOID:10782	MESH:D008640
DOID:10783	MESH:D008708
DOID:10787	MESH:D008594
DOID:1079	MESH:D012719
DOID:10791	MESH:D015522
DOID:10794	MESH:D015524
DOID:1080	MESH:D005368
DOID:10808	MESH:D013276
DOID:1081	MESH:D008368
DOID:10817	MESH:D012448
DOID:1082	MESH:D004184
DOID:10824	MESH:D006974
DOID:10825	MESH:C562386
DOID:10834	MESH:D014843
DOID:10841	MESH:D020242
DOID:10843	MESH:D020241
DOID:10844	MESH:D004672
DOID:10845	MESH:D004674
DOID:10849	MESH:D008398
DOID:1085	MESH:C580500
DOID:10864	MESH:D015840
DOID:10865	MESH:D020434
DOID:10866	MESH:D015840
DOID:10871	MESH:D008268
DOID:1088	MESH:D008588
DOID:10881	MESH:D006232
DOID:10882	MESH:D011000
DOID:10883	MESH:D006557
DOID:10887	MESH:D015440
DOID:1089	MESH:D016135
DOID:10892	MESH:D007021
DOID:10907	MESH:D008831
DOID:10908	MESH:D006849
DOID:1091	MESH:D014076
DOID:10914	MESH:D000647
DOID:10915	MESH:D020915
DOID:10923	MESH:D000755
DOID:10923	MESH:D006450
DOID:10930	MESH:D001883
DOID:10931	MESH:D003859
DOID:10932	MESH:D003193
DOID:10933	MESH:D009771
DOID:10934	MESH:D009105
DOID:10935	MESH:D004213
DOID:10936	MESH:D012557
DOID:10937	MESH:D007174
DOID:10938	MESH:D010260
DOID:10939	MESH:D000987
DOID:1094	MESH:D001289
DOID:10941	MESH:D002532
DOID:10944	MESH:D014060
DOID:10952	MESH:D009393
DOID:10955	MESH:D013322
DOID:10964	MESH:D018424
DOID:10965	MESH:D002547
DOID:10966	MESH:D009402
DOID:10968	MESH:D002547
DOID:10970	MESH:D002547
DOID:10974	MESH:D009869
DOID:10976	MESH:D015433
DOID:1098	MESH:D004899
DOID:10983	MESH:D009394
DOID:10986	MESH:D015299
DOID:1099	MESH:D017085
DOID:10991	MESH:D020144
DOID:110	MESH:D007905
DOID:1100	MESH:D010049
DOID:11014	MESH:C537771
DOID:11029	MESH:D059407
DOID:11030	MESH:D015715
DOID:11037	MESH:D000647
DOID:11038	MESH:D003861
DOID:11042	MESH:D005258
DOID:11044	MESH:D020139
DOID:11049	MESH:D008471
DOID:11054	MESH:D001749
DOID:11055	MESH:D010326
DOID:11060	MESH:D010923
DOID:11077	MESH:D002006
DOID:11080	MESH:D009198
DOID:11088	MESH:D001238
DOID:11100	MESH:D011778
DOID:11101	MESH:D014205
DOID:11102	MESH:D001474
DOID:11103	MESH:D012288
DOID:11105	MESH:C562733
DOID:11111	MESH:D006869
DOID:11119	MESH:D005879
DOID:11121	MESH:D011671
DOID:11123	MESH:D011695
DOID:11151	MESH:D041761
DOID:11153	MESH:D008883
DOID:11155	MESH:D007007
DOID:11156	MESH:D007007
DOID:1116	MESH:D001885
DOID:1116	MESH:D014917
DOID:11164	MESH:C562399
DOID:11168	MESH:D003218
DOID:11175	MESH:D015841
DOID:11193	MESH:D013576
DOID:11198	MESH:D004062
DOID:11199	MESH:D007011
DOID:11201	MESH:D010279
DOID:11202	MESH:D049950
DOID:11204	MESH:D003233
DOID:11212	MESH:D006871
DOID:11227	MESH:D003232
DOID:1123	MESH:D025242
DOID:11234	MESH:D054517
DOID:11239	MESH:D001063
DOID:11240	MESH:D001063
DOID:11244	MESH:D000751
DOID:11249	MESH:D014813
DOID:11252	MESH:C562385
DOID:11254	MESH:D014438
DOID:11256	MESH:D014437
DOID:11256	MESH:D014438
DOID:11257	MESH:D010698
DOID:11258	MESH:D002372
DOID:11260	MESH:D011818
DOID:11262	MESH:D009956
DOID:11265	MESH:D014141
DOID:11266	MESH:D006480
DOID:11267	MESH:C536156
DOID:11285	MESH:D013985
DOID:1129	MESH:D010899
DOID:11320	MESH:D007733
DOID:11328	MESH:D011618
DOID:11329	MESH:D000387
DOID:11330	MESH:D004886
DOID:11335	MESH:D012507
DOID:11336	MESH:D012226
DOID:11337	MESH:D005674
DOID:11338	MESH:D013742
DOID:11339	MESH:D011020
DOID:1134	MESH:D005889
DOID:11342	MESH:D001112
DOID:11343	MESH:D015422
DOID:11353	MESH:C562406
DOID:11355	MESH:D001744
DOID:11360	MESH:D010217
DOID:11364	MESH:D007906
DOID:11372	MESH:D008531
DOID:11379	MESH:D058429
DOID:1138	MESH:D008579
DOID:11382	MESH:D016510
DOID:11383	MESH:D003456
DOID:11387	MESH:D020802
DOID:11389	MESH:D013354
DOID:11400	MESH:D011704
DOID:11401	MESH:D011705
DOID:11405	MESH:D003354
DOID:11405	MESH:D004165
DOID:11406	MESH:D002833
DOID:1142	MESH:D005099
DOID:1143	MESH:D005099
DOID:11446	MESH:D020426
DOID:11459	MESH:D011559
DOID:11476	MESH:D010024
DOID:11476	MESH:D015663
DOID:1148	MESH:C562429
DOID:1148	MESH:D017689
DOID:11481	MESH:D010494
DOID:11482	MESH:D010490
DOID:11486	MESH:D006732
DOID:115	MESH:D002305
DOID:11502	MESH:D008944
DOID:11503	MESH:D003929
DOID:11506	MESH:D010035
DOID:11507	MESH:D019959
DOID:11512	MESH:D006502
DOID:11514	MESH:D014063
DOID:11527	MESH:D007829
DOID:11549	MESH:D000270
DOID:11550	MESH:D015840
DOID:11554	MESH:D057129
DOID:11555	MESH:D005642
DOID:1156	MESH:D002805
DOID:11561	MESH:D058437
DOID:11563	MESH:D031300
DOID:11569	MESH:D009449
DOID:11572	MESH:D008584
DOID:11573	MESH:D008088
DOID:11577	MESH:D011128
DOID:11589	MESH:D004402
DOID:11599	MESH:D013547
DOID:11603	MESH:D006177
DOID:11608	MESH:D016921
DOID:11612	MESH:D011085
DOID:11613	MESH:D017588
DOID:11615	MESH:D010412
DOID:11623	MESH:D003790
DOID:11624	MESH:D010412
DOID:11633	MESH:D018382
DOID:11634	MESH:D009230
DOID:11638	MESH:D011305
DOID:11656	MESH:D010390
DOID:1166	MESH:C538103
DOID:11661	MESH:D003117
DOID:11664	MESH:D009400
DOID:11665	MESH:C536305
DOID:11678	MESH:D009855
DOID:1168	MESH:D006949
DOID:1168	MESH:D006951
DOID:117	MESH:D006338
DOID:11701	MESH:D017098
DOID:11702	MESH:D004406
DOID:1171	MESH:D006954
DOID:11712	MESH:D003923
DOID:11713	MESH:D003925
DOID:11714	MESH:D016640
DOID:11716	MESH:D011236
DOID:11719	MESH:D039141
DOID:1172	MESH:D006953
DOID:11720	MESH:D049310
DOID:11721	MESH:D006014
DOID:11722	MESH:D009223
DOID:11723	MESH:D020388
DOID:11724	MESH:D049288
DOID:11725	MESH:D003635
DOID:11726	MESH:D020389
DOID:11727	MESH:D020391
DOID:11729	MESH:D008193
DOID:11729	MESH:D020852
DOID:11755	MESH:D042883
DOID:11759	MESH:D000747
DOID:1176	MESH:D001982
DOID:11771	MESH:D009759
DOID:11782	MESH:D001251
DOID:118	MESH:D010490
DOID:11801	MESH:D011502
DOID:11819	MESH:D014516
DOID:11823	MESH:D006530
DOID:11829	MESH:D047728
DOID:11830	MESH:D009216
DOID:11831	MESH:D019575
DOID:11832	MESH:D012640
DOID:11836	MESH:D003025
DOID:1184	MESH:D009404
DOID:11840	MESH:D003329
DOID:11847	MESH:D003328
DOID:11853	MESH:D005099
DOID:1187	MESH:D020429
DOID:11870	MESH:D020774
DOID:11875	MESH:D013282
DOID:1188	MESH:D020422
DOID:11885	MESH:D014516
DOID:119	MESH:D014625
DOID:11907	MESH:D004473
DOID:11914	MESH:D018589
DOID:1192	MESH:D010524
DOID:1192	MESH:D018317
DOID:11934	MESH:D006258
DOID:11949	MESH:D007562
DOID:11963	MESH:D004941
DOID:11971	MESH:D013580
DOID:11975	MESH:C535970
DOID:11976	MESH:D001906
DOID:11981	MESH:D009767
DOID:11983	MESH:D011218
DOID:11984	MESH:D002312
DOID:11984	MESH:D024741
DOID:11991	MESH:D010023
DOID:11996	MESH:D013086
DOID:11997	MESH:D013088
DOID:120	MESH:D005833
DOID:12010	MESH:D018917
DOID:12028	MESH:D006929
DOID:12029	MESH:D009879
DOID:12030	MESH:D015864
DOID:1205	MESH:D006967
DOID:12053	MESH:D003453
DOID:1206	MESH:D015518
DOID:12096	MESH:D011906
DOID:12098	MESH:D014277
DOID:121	MESH:D014623
DOID:1210	MESH:D009902
DOID:12117	MESH:C562405
DOID:12118	MESH:C536281
DOID:12119	MESH:D006486
DOID:12119	MESH:D019190
DOID:12120	MESH:D011649
DOID:12128	MESH:D010842
DOID:12129	MESH:D002032
DOID:12132	MESH:D014890
DOID:12134	MESH:D006467
DOID:12139	MESH:D019263
DOID:12143	MESH:D001750
DOID:12155	MESH:D008216
DOID:12156	MESH:D001100
DOID:12157	MESH:D008582
DOID:12169	MESH:D002349
DOID:1217	MESH:D005213
DOID:12170	MESH:D020425
DOID:12171	MESH:D020425
DOID:12176	MESH:D006042
DOID:1218	MESH:D004451
DOID:1219	MESH:D004011
DOID:12205	MESH:D003715
DOID:12206	MESH:D019595
DOID:12211	MESH:D004605
DOID:12215	MESH:D016104
DOID:12217	MESH:D020961
DOID:1222	MESH:D002357
DOID:12236	MESH:D008105
DOID:12237	MESH:D001655
DOID:12241	MESH:D017086
DOID:12259	MESH:D002836
DOID:12270	MESH:D003103
DOID:12271	MESH:D015783
DOID:12273	MESH:D015858
DOID:12287	MESH:D006479
DOID:1229	MESH:D012563
DOID:12297	MESH:D014607
DOID:12305	MESH:D007184
DOID:12306	MESH:D014820
DOID:12308	MESH:D007566
DOID:12309	MESH:D014582
DOID:12318	MESH:D003317
DOID:12328	MESH:D011502
DOID:1233	MESH:D014190
DOID:12332	MESH:D006398
DOID:12336	MESH:D007248
DOID:12337	MESH:D014646
DOID:12347	MESH:D010013
DOID:1235	MESH:D005329
DOID:12361	MESH:D006111
DOID:12365	MESH:D008288
DOID:12375	MESH:D001996
DOID:12376	MESH:D014897
DOID:12377	MESH:D009134
DOID:12382	MESH:D017029
DOID:12384	MESH:D004403
DOID:12385	MESH:D004405
DOID:12386	MESH:D001447
DOID:12387	MESH:D018500
DOID:12388	MESH:D020790
DOID:12397	MESH:D004774
DOID:12399	MESH:D005715
DOID:1240	MESH:D007938
DOID:12400	MESH:D007174
DOID:12401	MESH:D007174
DOID:12402	MESH:D005391
DOID:12403	MESH:D014008
DOID:12449	MESH:D000741
DOID:1245	MESH:D014846
DOID:12450	MESH:D010198
DOID:12451	MESH:D013436
DOID:12466	MESH:D006962
DOID:12491	MESH:D020421
DOID:12506	MESH:D020330
DOID:12514	MESH:D012167
DOID:1252	MESH:D014257
DOID:12522	MESH:D011009
DOID:12526	MESH:D013641
DOID:12528	MESH:D020426
DOID:12531	MESH:D014842
DOID:1254	MESH:D014253
DOID:12549	MESH:D006506
DOID:1255	MESH:D014252
DOID:12550	MESH:D006501
DOID:12554	MESH:D006463
DOID:12556	MESH:D007683
DOID:12557	MESH:D004370
DOID:12558	MESH:D017246
DOID:12574	MESH:D015866
DOID:12577	MESH:D014524
DOID:12580	MESH:D003410
DOID:12583	MESH:D004062
DOID:1260	MESH:D010249
DOID:12638	MESH:D046248
DOID:12639	MESH:D011707
DOID:12642	MESH:D006551
DOID:12657	MESH:D000160
DOID:12661	MESH:D020254
DOID:12662	MESH:D010229
DOID:12663	MESH:D001759
DOID:12678	MESH:D006934
DOID:12679	MESH:D009397
DOID:12680	MESH:D020828
DOID:12683	MESH:D020338
DOID:12689	MESH:D009464
DOID:12697	MESH:D011782
DOID:12698	MESH:D006177
DOID:127	MESH:D007889
DOID:1270	MESH:D013683
DOID:12700	MESH:D002640
DOID:12700	MESH:D006966
DOID:12704	MESH:D001260
DOID:12705	MESH:D005621
DOID:12707	MESH:D002527
DOID:12711	MESH:D010854
DOID:12714	MESH:D004613
DOID:12716	MESH:D006819
DOID:1272	MESH:D013684
DOID:12720	MESH:D002537
DOID:12721	MESH:D010009
DOID:12731	MESH:D015868
DOID:12732	MESH:D015867
DOID:12733	MESH:D006936
DOID:12750	MESH:D021866
DOID:12759	MESH:D002830
DOID:1278	MESH:D020333
DOID:12783	MESH:D020326
DOID:12785	MESH:D003929
DOID:1279	MESH:D015835
DOID:12798	MESH:D009083
DOID:12799	MESH:D016532
DOID:12800	MESH:D009087
DOID:12801	MESH:D009084
DOID:12802	MESH:D008059
DOID:12803	MESH:D016538
DOID:12804	MESH:D009085
DOID:1283	MESH:D006547
DOID:12835	MESH:D011782
DOID:12837	MESH:D013958
DOID:12841	MESH:D000724
DOID:12842	MESH:D020275
DOID:12849	MESH:D001321
DOID:1285	MESH:D012002
DOID:12858	MESH:D006816
DOID:12883	MESH:D006998
DOID:12889	MESH:D019846
DOID:1289	MESH:D019636
DOID:12894	MESH:D012859
DOID:12895	MESH:D007638
DOID:12897	MESH:D013364
DOID:12900	MESH:D008882
DOID:12901	MESH:D012797
DOID:12905	MESH:D015494
DOID:12918	MESH:D013919
DOID:12926	MESH:D007000
DOID:12927	MESH:D012610
DOID:12929	MESH:D004695
DOID:12930	MESH:D002311
DOID:12932	MESH:D004719
DOID:12934	MESH:D007625
DOID:12935	MESH:D002310
DOID:12960	MESH:D000168
DOID:12961	MESH:D011045
DOID:12971	MESH:D013103
DOID:12978	MESH:D016780
DOID:12986	MESH:D018921
DOID:12995	MESH:D019955
DOID:13001	MESH:D016893
DOID:13002	MESH:D013349
DOID:13003	MESH:D014715
DOID:13025	MESH:D012178
DOID:13026	MESH:D060368
DOID:13027	MESH:D020236
DOID:13033	MESH:D001446
DOID:13034	MESH:D012061
DOID:13042	MESH:D010547
DOID:13068	MESH:D012080
DOID:13078	MESH:D008271
DOID:13087	MESH:D008151
DOID:13088	MESH:D007969
DOID:13089	MESH:D020765
DOID:13094	MESH:D015356
DOID:13095	MESH:D014715
DOID:13096	MESH:D018860
DOID:13097	MESH:D002537
DOID:13098	MESH:D015356
DOID:13099	MESH:D009072
DOID:13100	MESH:D020301
DOID:13117	MESH:D010304
DOID:1312	MESH:D005923
DOID:13133	MESH:D017359
DOID:13137	MESH:D014897
DOID:13140	MESH:D015829
DOID:13141	MESH:D014605
DOID:13166	MESH:D001229
DOID:13174	MESH:D009759
DOID:13185	MESH:D045723
DOID:13186	MESH:D004931
DOID:13189	MESH:D006073
DOID:13189	MESH:D015210
DOID:1319	MESH:D001932
DOID:13196	MESH:D047268
DOID:13197	MESH:D006044
DOID:13198	MESH:D006043
DOID:13200	MESH:D006045
DOID:13223	MESH:D007889
DOID:13240	MESH:D014091
DOID:13241	MESH:D001528
DOID:13249	MESH:D011006
DOID:13250	MESH:D003967
DOID:13252	MESH:D008641
DOID:13254	MESH:D004239
DOID:13258	MESH:D014435
DOID:13268	MESH:D011164
DOID:13269	MESH:D046349
DOID:13270	MESH:D046351
DOID:13271	MESH:D017092
DOID:1328	MESH:D012295
DOID:13300	MESH:D012544
DOID:13316	MESH:D010188
DOID:13317	MESH:D046768
DOID:13336	MESH:D014125
DOID:13351	MESH:D010378
DOID:13357	MESH:D046789
DOID:13359	MESH:D004535
DOID:13364	MESH:D021081
DOID:13366	MESH:D016750
DOID:13371	MESH:D012612
DOID:13372	MESH:D019896
DOID:13374	MESH:D009221
DOID:13375	MESH:D013700
DOID:13378	MESH:D009080
DOID:1338	MESH:D000742
DOID:13381	MESH:D000752
DOID:13382	MESH:D000749
DOID:13386	MESH:C571911
DOID:1339	MESH:D029503
DOID:13399	MESH:D003117
DOID:1340	MESH:D012010
DOID:13401	MESH:D000793
DOID:13404	MESH:D014608
DOID:13413	MESH:D006501
DOID:13417	MESH:D004410
DOID:13417	MESH:D004411
DOID:13419	MESH:D055496
DOID:1342	MESH:D029502
DOID:1343	MESH:D014526
DOID:13431	MESH:D014211
DOID:13444	MESH:D005896
DOID:13450	MESH:D003047
DOID:13452	MESH:D015423
DOID:13481	MESH:D013796
DOID:13482	MESH:D016715
DOID:13499	MESH:D007580
DOID:1350	MESH:D010255
DOID:13500	MESH:D014064
DOID:13501	MESH:D020331
DOID:13515	MESH:D014402
DOID:1352	MESH:D010254
DOID:13523	MESH:D008118
DOID:13533	MESH:D010022
DOID:13543	MESH:D006961
DOID:13544	MESH:D057066
DOID:13548	MESH:D010302
DOID:13550	MESH:D015812
DOID:13561	MESH:D015594
DOID:13564	MESH:D001228
DOID:13565	MESH:D020953
DOID:13576	MESH:D005330
DOID:13579	MESH:D007732
DOID:1358	MESH:D008444
DOID:13580	MESH:D002779
DOID:13585	MESH:D004368
DOID:13593	MESH:D004461
DOID:13603	MESH:D041781
DOID:13608	MESH:D001656
DOID:13619	MESH:D001651
DOID:13620	MESH:D054092
DOID:13622	MESH:D002169
DOID:13628	MESH:D005236
DOID:13636	MESH:D005199
DOID:13641	MESH:D017889
DOID:13664	MESH:D004673
DOID:13677	MESH:D020083
DOID:13709	MESH:D061686
DOID:13711	MESH:D009050
DOID:13714	MESH:D000848
DOID:13722	MESH:D020818
DOID:13724	MESH:D012614
DOID:13725	MESH:D001602
DOID:13732	MESH:D010202
DOID:13757	MESH:D007766
DOID:13767	MESH:D003003
DOID:13768	MESH:D009889
DOID:13774	MESH:D000224
DOID:13777	MESH:D004819
DOID:13778	MESH:D002602
DOID:1380	MESH:D016889
DOID:13800	MESH:D003235
DOID:13801	MESH:D000258
DOID:13809	MESH:D006950
DOID:1381	MESH:D005588
DOID:13810	MESH:D006938
DOID:13814	MESH:D020437
DOID:13819	MESH:D008219
DOID:1382	MESH:D008883
DOID:1383	MESH:D013543
DOID:13832	MESH:D004374
DOID:1386	MESH:D000012
DOID:13864	MESH:D020432
DOID:13865	MESH:D005156
DOID:13868	MESH:D020018
DOID:1387	MESH:D007009
DOID:1388	MESH:D013631
DOID:13884	MESH:D012804
DOID:1389	MESH:D011115
DOID:13891	MESH:D001716
DOID:139	MESH:D010212
DOID:1390	MESH:D006995
DOID:13902	MESH:D010854
DOID:13909	MESH:D003117
DOID:1391	MESH:D007863
DOID:13910	MESH:D003117
DOID:13911	MESH:D003117
DOID:13912	MESH:D003117
DOID:13918	MESH:D013001
DOID:1392	MESH:C562401
DOID:13922	MESH:D057765
DOID:13924	MESH:D005892
DOID:13929	MESH:D007767
DOID:13934	MESH:D005158
DOID:13938	MESH:D000568
DOID:1394	MESH:D012553
DOID:13941	MESH:D065635
DOID:13945	MESH:D046589
DOID:13948	MESH:D001748
DOID:13949	MESH:D018856
DOID:13976	MESH:D004942
DOID:13994	MESH:D002973
DOID:1400	MESH:D007766
DOID:14004	MESH:D017545
DOID:14018	MESH:D008104
DOID:14021	MESH:D013991
DOID:14039	MESH:D016878
DOID:14040	MESH:D016884
DOID:14043	MESH:D020941
DOID:1406	MESH:D007500
DOID:14067	MESH:D016778
DOID:14068	MESH:D001742
DOID:14069	MESH:D016779
DOID:1407	MESH:D014606
DOID:14075	MESH:D005155
DOID:14080	MESH:C563177
DOID:14087	MESH:D013716
DOID:14089	MESH:D017213
DOID:14095	MESH:D001907
DOID:14107	MESH:D053684
DOID:14115	MESH:D012772
DOID:14116	MESH:D008069
DOID:14118	MESH:D008072
DOID:1412	MESH:D001437
DOID:14121	MESH:D018438
DOID:14146	MESH:D053039
DOID:1415	MESH:D015799
DOID:14159	MESH:D006849
DOID:1417	MESH:D015862
DOID:14174	MESH:D018306
DOID:14175	MESH:D006623
DOID:14176	MESH:D017099
DOID:14179	MESH:C537409
DOID:14183	MESH:D020269
DOID:14188	MESH:D002062
DOID:14203	MESH:D003882
DOID:14213	MESH:C562440
DOID:14213	MESH:D007014
DOID:14218	MESH:D054067
DOID:14219	MESH:D000141
DOID:14221	MESH:D024821
DOID:14223	MESH:D009794
DOID:14227	MESH:D053713
DOID:14228	MESH:D009845
DOID:14250	MESH:D004314
DOID:14256	MESH:D016706
DOID:1426	MESH:D014515
DOID:14261	MESH:D005600
DOID:14262	MESH:D002180
DOID:14264	MESH:D020936
DOID:14265	MESH:D011665
DOID:14268	MESH:D015209
DOID:14276	MESH:D019534
DOID:14283	MESH:D010004
DOID:14284	MESH:D046788
DOID:14286	MESH:D001177
DOID:14289	MESH:D004437
DOID:14291	MESH:D044542
DOID:14305	MESH:D004654
DOID:14308	MESH:D000796
DOID:14319	MESH:D011001
DOID:14323	MESH:D008382
DOID:14330	MESH:D010300
DOID:14332	MESH:D010301
DOID:14350	MESH:D013969
DOID:14365	MESH:C536778
DOID:1439	MESH:D011776
DOID:1440	MESH:D017827
DOID:14400	MESH:D019559
DOID:14402	MESH:D011115
DOID:1441	MESH:D020754
DOID:14415	MESH:D007873
DOID:14418	MESH:D004320
DOID:1442	MESH:D002549
DOID:14422	MESH:D004154
DOID:14423	MESH:D020435
DOID:14447	MESH:D006059
DOID:14448	MESH:D006061
DOID:14449	MESH:D006060
DOID:14450	MESH:D023961
DOID:14451	MESH:D020513
DOID:14452	MESH:D020514
DOID:14453	MESH:D005203
DOID:14457	MESH:D002007
DOID:14464	MESH:D009459
DOID:14472	MESH:D018804
DOID:14482	MESH:D006559
DOID:14483	MESH:D020150
DOID:14484	MESH:D013174
DOID:14495	MESH:D004377
DOID:14497	MESH:D015223
DOID:14498	MESH:D008065
DOID:14499	MESH:D000795
DOID:14500	MESH:D005645
DOID:14501	MESH:D016111
DOID:14502	MESH:D015217
DOID:14503	MESH:D009472
DOID:14504	MESH:D009542
DOID:14515	MESH:D017624
DOID:14525	MESH:D012202
DOID:1455	MESH:D005929
DOID:14550	MESH:D012391
DOID:14555	MESH:D009901
DOID:1456	MESH:D005928
DOID:1459	MESH:D007037
DOID:146	MESH:D010211
DOID:1461	MESH:D017700
DOID:14654	MESH:D011472
DOID:14669	MESH:C538179
DOID:14670	MESH:C537632
DOID:14671	MESH:C562441
DOID:14679	MESH:C536534
DOID:1468	MESH:D007762
DOID:14681	MESH:D056730
DOID:14683	MESH:C536036
DOID:14686	MESH:C535679
DOID:14687	MESH:C536170
DOID:14692	MESH:D019082
DOID:14693	MESH:D004476
DOID:14694	MESH:C535880
DOID:14695	MESH:D005693
DOID:14699	MESH:C536940
DOID:1470	MESH:D003865
DOID:14701	MESH:D056693
DOID:14702	MESH:D019280
DOID:14705	MESH:D000168
DOID:14711	MESH:C537923
DOID:14717	MESH:D020914
DOID:14720	MESH:C536194
DOID:14723	MESH:C535818
DOID:14725	MESH:C537323
DOID:14731	MESH:C562443
DOID:14735	MESH:D054179
DOID:14737	MESH:C536456
DOID:1474	MESH:D010520
DOID:14743	MESH:C536820
DOID:14744	MESH:C562446
DOID:14748	MESH:D058495
DOID:1475	MESH:D008202
DOID:14753	MESH:C538167
DOID:14755	MESH:D056807
DOID:14757	MESH:C536196
DOID:14761	MESH:C537300
DOID:14768	MESH:D000168
DOID:14773	MESH:C535916
DOID:14775	MESH:C536198
DOID:14777	MESH:D020936
DOID:14778	MESH:C562419
DOID:14780	MESH:C537015
DOID:14784	MESH:D009849
DOID:14791	MESH:D057130
DOID:14793	MESH:D053358
DOID:14796	MESH:C535718
DOID:14798	MESH:C536237
DOID:1483	MESH:D005882
DOID:1485	MESH:D003550
DOID:1496	MESH:D004443
DOID:1498	MESH:D002771
DOID:150	MESH:D001523
DOID:1508	MESH:D002177
DOID:1509	MESH:D010554
DOID:1517	MESH:D002430
DOID:1518	MESH:D002429
DOID:1521	MESH:D002430
DOID:1525	MESH:D010201
DOID:1526	MESH:D015434
DOID:1532	MESH:D010995
DOID:154	MESH:D018198
DOID:1540	MESH:D010282
DOID:1556	MESH:D001183
DOID:1557	MESH:D007105
DOID:1558	MESH:D000799
DOID:1561	MESH:D019965
DOID:1562	MESH:D002862
DOID:1563	MESH:D003881
DOID:1564	MESH:D009181
DOID:1570	MESH:D004483
DOID:1572	MESH:D006850
DOID:1573	MESH:D006849
DOID:1574	MESH:D000437
DOID:1574	MESH:D019973
DOID:1577	MESH:D045745
DOID:1580	MESH:D045743
DOID:1583	MESH:D014387
DOID:1584	MESH:D056586
DOID:1586	MESH:D012213
DOID:1588	MESH:D013921
DOID:1591	MESH:D006978
DOID:1595	MESH:D003866
DOID:1596	MESH:D003863
DOID:1602	MESH:D008199
DOID:161	MESH:D007642
DOID:1612	MESH:D001943
DOID:1614	MESH:D018567
DOID:1618	MESH:D018226
DOID:1627	MESH:D018300
DOID:1631	MESH:D003557
DOID:1638	MESH:D016862
DOID:1639	MESH:D014394
DOID:1657	MESH:D006345
DOID:1659	MESH:D015173
DOID:166	MESH:D017600
DOID:1664	MESH:D010871
DOID:1678	MESH:D018856
DOID:1679	MESH:D003556
DOID:1681	MESH:D006343
DOID:1682	MESH:D006330
DOID:1686	MESH:D005901
DOID:1687	MESH:D015355
DOID:169	MESH:D018358
DOID:1697	MESH:D007057
DOID:1699	MESH:D016113
DOID:1699	MESH:D017490
DOID:170	MESH:D004701
DOID:1700	MESH:D016114
DOID:1701	MESH:D043202
DOID:1702	MESH:D016112
DOID:171	MESH:D017599
DOID:1712	MESH:D001024
DOID:172	MESH:D049309
DOID:1724	MESH:D004381
DOID:1727	MESH:D012170
DOID:1731	MESH:C538362
DOID:1731	MESH:D006660
DOID:1733	MESH:D003457
DOID:1737	MESH:D004379
DOID:174	MESH:D049309
DOID:1742	MESH:D011605
DOID:1749	MESH:D002294
DOID:1749	MESH:D018307
DOID:175	MESH:D019043
DOID:1754	MESH:D008946
DOID:1756	MESH:D005155
DOID:1757	MESH:D005150
DOID:1761	MESH:D008556
DOID:1762	MESH:D002613
DOID:1768	MESH:D003291
DOID:1781	MESH:D013964
DOID:1787	MESH:D010493
DOID:1793	MESH:D010190
DOID:1799	MESH:D007516
DOID:182	MESH:D002114
DOID:1826	MESH:D004827
DOID:1827	MESH:D004829
DOID:184	MESH:D001859
DOID:1858	MESH:D005357
DOID:1858	MESH:D005359
DOID:1882	MESH:D006344
DOID:1883	MESH:D006526
DOID:1883	MESH:D019698
DOID:1884	MESH:D006524
DOID:1891	MESH:D009901
DOID:1909	MESH:D008545
DOID:192	MESH:D018312
DOID:1923	MESH:D012734
DOID:1924	MESH:D007006
DOID:1926	MESH:D005776
DOID:1927	MESH:D013106
DOID:1934	MESH:D004413
DOID:1935	MESH:D020788
DOID:1962	MESH:D005184
DOID:1969	MESH:D002547
DOID:1984	MESH:D012004
DOID:201	MESH:D009372
DOID:2030	MESH:D001008
DOID:2033	MESH:D003147
DOID:2034	MESH:D004678
DOID:204	MESH:D012216
DOID:205	MESH:D015576
DOID:2051	MESH:D015523
DOID:2059	MESH:D014845
DOID:2113	MESH:D003048
DOID:2123	MESH:D014406
DOID:2149	MESH:D014401
DOID:216	MESH:D003731
DOID:2170	MESH:D014627
DOID:2174	MESH:D005134
DOID:2187	MESH:D000567
DOID:219	MESH:D003110
DOID:2213	MESH:D006474
DOID:2214	MESH:D025861
DOID:2217	MESH:D001606
DOID:2218	MESH:D001791
DOID:2234	MESH:D004828
DOID:2237	MESH:D006521
DOID:224	MESH:D002546
DOID:2253	MESH:D002577
DOID:2256	MESH:D010009
DOID:227	MESH:D000844
DOID:2275	MESH:D010608
DOID:2275	MESH:D010612
DOID:2277	MESH:D006058
DOID:229	MESH:D005831
DOID:2297	MESH:D007922
DOID:2297	MESH:D014895
DOID:231	MESH:D016472
DOID:2338	MESH:D008339
DOID:2340	MESH:D003398
DOID:235	MESH:D003110
DOID:2351	MESH:D019189
DOID:2352	MESH:D006432
DOID:2355	MESH:D000740
DOID:2361	MESH:D000748
DOID:2364	MESH:D011186
DOID:2365	MESH:D014901
DOID:2377	MESH:D009103
DOID:238	MESH:D011681
DOID:2383	MESH:D007567
DOID:2394	MESH:D010051
DOID:240	MESH:D007499
DOID:2481	MESH:D013036
DOID:2485	MESH:D010760
DOID:2491	MESH:D009477
DOID:2494	MESH:D016888
DOID:2498	MESH:D014077
DOID:2508	MESH:D001015
DOID:2508	MESH:D013625
DOID:2519	MESH:D013733
DOID:2527	MESH:D009401
DOID:2529	MESH:D013158
DOID:2531	MESH:D019337
DOID:255	MESH:D006391
DOID:2557	MESH:D002357
DOID:2566	MESH:D003317
DOID:2568	MESH:D002575
DOID:2569	MESH:D015593
DOID:2571	MESH:C538636
DOID:2571	MESH:D006646
DOID:2580	MESH:D018902
DOID:2581	MESH:D002806
DOID:2596	MESH:D007822
DOID:2598	MESH:D007822
DOID:2602	MESH:D002812
DOID:2615	MESH:D010212
DOID:263	MESH:D007680
DOID:2658	MESH:D003884
DOID:2664	MESH:D013544
DOID:2703	MESH:D013585
DOID:2722	MESH:D000169
DOID:2723	MESH:D003872
DOID:2729	MESH:D019871
DOID:2731	MESH:D012872
DOID:2741	MESH:D006932
DOID:2741	MESH:D006933
DOID:2742	MESH:D004427
DOID:2744	MESH:D011702
DOID:2747	MESH:D006008
DOID:2769	MESH:D013981
DOID:2786	MESH:D002526
DOID:2789	MESH:D011528
DOID:2790	MESH:D009332
DOID:2797	MESH:D011658
DOID:28	MESH:D004700
DOID:2825	MESH:D009668
DOID:2841	MESH:D001249
DOID:2843	MESH:D008133
DOID:2843	MESH:D029597
DOID:285	MESH:D007943
DOID:2860	MESH:D006453
DOID:2861	MESH:D000746
DOID:2862	MESH:D005955
DOID:2889	MESH:D012181
DOID:289	MESH:D004715
DOID:2916	MESH:D007160
DOID:2921	MESH:D005921
DOID:2952	MESH:D007759
DOID:2965	MESH:D002062
DOID:2978	MESH:D002239
DOID:299	MESH:D000230
DOID:2994	MESH:D009373
DOID:2998	MESH:D013736
DOID:3016	MESH:D003557
DOID:302	MESH:D019966
DOID:303	MESH:D019966
DOID:3044	MESH:D005512
DOID:305	MESH:D002277
DOID:305	MESH:D009375
DOID:3055	MESH:D010284
DOID:3068	MESH:D005909
DOID:3086	MESH:D019214
DOID:3087	MESH:D005891
DOID:3093	MESH:D009380
DOID:3119	MESH:D004067
DOID:3119	MESH:D005770
DOID:3121	MESH:D005706
DOID:3122	MESH:D017219
DOID:3128	MESH:D001004
DOID:3133	MESH:D017094
DOID:3144	MESH:D003483
DOID:3146	MESH:D008052
DOID:3153	MESH:D008068
DOID:3165	MESH:D012878
DOID:3168	MESH:D018307
DOID:3181	MESH:D009837
DOID:319	MESH:D013118
DOID:3191	MESH:D017696
DOID:3192	MESH:D009442
DOID:3209	MESH:D016109
DOID:3211	MESH:D016464
DOID:3213	MESH:D003711
DOID:3223	MESH:D020918
DOID:3225	MESH:D014133
DOID:3240	MESH:D011015
DOID:3241	MESH:D011017
DOID:3246	MESH:D018233
DOID:326	MESH:D007511
DOID:326	MESH:D054058
DOID:3277	MESH:D013953
DOID:3310	MESH:D003876
DOID:3312	MESH:D001714
DOID:3315	MESH:D008067
DOID:3315	MESH:D018205
DOID:332	MESH:D000690
DOID:3324	MESH:D019964
DOID:3326	MESH:D011693
DOID:3328	MESH:D004833
DOID:3331	MESH:D017034
DOID:3342	MESH:D010000
DOID:3355	MESH:D005354
DOID:3355	MESH:D018218
DOID:3369	MESH:C563168
DOID:3369	MESH:D012512
DOID:3369	MESH:D018241
DOID:3371	MESH:D002813
DOID:338	MESH:D003390
DOID:3388	MESH:D010510
DOID:3390	MESH:D007645
DOID:3407	MESH:D002340
DOID:341	MESH:D001157
DOID:341	MESH:D016481
DOID:3426	MESH:D015837
DOID:3437	MESH:D007827
DOID:345	MESH:D014591
DOID:3463	MESH:D001941
DOID:3479	MESH:D014604
DOID:3480	MESH:D014603
DOID:3482	MESH:D010930
DOID:3490	MESH:D009634
DOID:3491	MESH:D014424
DOID:3527	MESH:D002539
DOID:3541	MESH:D002551
DOID:3558	MESH:D004380
DOID:3565	MESH:D008579
DOID:3565	MESH:D008577
DOID:3571	MESH:D008113
DOID:3587	MESH:D021441
DOID:3590	MESH:D006828
DOID:3590	MESH:D031901
DOID:3612	MESH:D012173
DOID:3620	MESH:D016543
DOID:3627	MESH:D001014
DOID:3627	MESH:D001019
DOID:363	MESH:D014594
DOID:3635	MESH:D020294
DOID:365	MESH:D001745
DOID:3663	MESH:D034701
DOID:369	MESH:D018304
DOID:3690	MESH:D020516
DOID:37	MESH:D012871
DOID:37	MESH:D012873
DOID:3753	MESH:D022861
DOID:3765	MESH:D012734
DOID:3798	MESH:D016724
DOID:381	MESH:D007592
DOID:3817	MESH:D003389
DOID:384	MESH:D014927
DOID:3856	MESH:D005834
DOID:3875	MESH:D013924
DOID:3883	MESH:D003123
DOID:3904	MESH:D002283
DOID:3906	MESH:D001984
DOID:3947	MESH:D000308
DOID:3952	MESH:D000303
DOID:3953	MESH:D000310
DOID:3963	MESH:D013964
DOID:397	MESH:D002313
DOID:3973	MESH:C536914
DOID:399	MESH:D014375
DOID:399	MESH:D014376
DOID:4	MESH:D004194
DOID:4001	MESH:C538090
DOID:403	MESH:D009059
DOID:404	MESH:D014385
DOID:4045	MESH:D009217
DOID:4045	MESH:D019042
DOID:4079	MESH:D006349
DOID:4079	MESH:D016127
DOID:4090	MESH:D000377
DOID:4090	MESH:D001072
DOID:4109	MESH:D013984
DOID:4110	MESH:D004478
DOID:4123	MESH:D009260
DOID:4137	MESH:D003137
DOID:4138	MESH:D001649
DOID:4157	MESH:C536773
DOID:4159	MESH:D012878
DOID:4163	MESH:D018305
DOID:4166	MESH:D013587
DOID:418	MESH:D012595
DOID:4184	MESH:D011547
DOID:4186	MESH:D001184
DOID:4193	MESH:D020767
DOID:4195	MESH:D006943
DOID:420	MESH:D006983
DOID:4203	MESH:D020295
DOID:4205	MESH:D002528
DOID:4223	MESH:D011711
DOID:423	MESH:D009135
DOID:4251	MESH:D003229
DOID:4254	MESH:D010026
DOID:4330	MESH:D015616
DOID:4336	MESH:D014007
DOID:4359	MESH:D018328
DOID:437	MESH:D009157
DOID:4376	MESH:D016269
DOID:4377	MESH:D021181
DOID:438	MESH:D020274
DOID:4386	MESH:D047708
DOID:439	MESH:D020511
DOID:440	MESH:D009468
DOID:4411	MESH:D016751
DOID:4448	MESH:D008268
DOID:4448	MESH:D057135
DOID:445	MESH:D001477
DOID:446	MESH:D006929
DOID:446	MESH:D003480
DOID:447	MESH:D015499
DOID:4479	MESH:D011546
DOID:450	MESH:D020967
DOID:4501	MESH:D009958
DOID:4531	MESH:D018277
DOID:4535	MESH:D007039
DOID:4606	MESH:D001650
DOID:4610	MESH:D007414
DOID:4621	MESH:D016142
DOID:4644	MESH:D016110
DOID:4677	MESH:D007634
DOID:47	MESH:D011469
DOID:4706	MESH:D015192
DOID:4737	MESH:D013001
DOID:474	MESH:D006391
DOID:4752	MESH:D012791
DOID:4752	MESH:D019578
DOID:48	MESH:D005832
DOID:480	MESH:D009069
DOID:483	MESH:D006392
DOID:4866	MESH:D003528
DOID:4890	MESH:D020190
DOID:4926	MESH:D002282
DOID:4953	MESH:D011051
DOID:4959	MESH:D016108
DOID:4960	MESH:D009196
DOID:4972	MESH:D054437
DOID:4976	MESH:D004604
DOID:50	MESH:D013959
DOID:5015	MESH:C537258
DOID:5032	MESH:D010871
DOID:5041	MESH:D004938
DOID:5052	MESH:D008554
DOID:5082	MESH:D008103
DOID:5093	MESH:D013899
DOID:5113	MESH:D003677
DOID:5158	MESH:D010997
DOID:520	MESH:D001018
DOID:5212	MESH:D018981
DOID:5241	MESH:D018325
DOID:525	MESH:D020293
DOID:530	MESH:D005141
DOID:5327	MESH:D012163
DOID:5330	MESH:D003788
DOID:5353	MESH:D003108
DOID:539	MESH:D009886
DOID:5409	MESH:D055752
DOID:5419	MESH:D012559
DOID:543	MESH:D020821
DOID:543	MESH:D004421
DOID:5467	MESH:D003230
DOID:5502	MESH:D010373
DOID:5520	MESH:C535575
DOID:5612	MESH:D013120
DOID:5612	MESH:D013125
DOID:5614	MESH:D005128
DOID:5656	MESH:D003389
DOID:5672	MESH:D015179
DOID:5679	MESH:D012164
DOID:5723	MESH:D009896
DOID:573	MESH:D009408
DOID:5733	MESH:D012488
DOID:574	MESH:D010523
DOID:582	MESH:D006456
DOID:583	MESH:D000743
DOID:5875	MESH:D012186
DOID:589	MESH:D000745
DOID:591	MESH:D010698
DOID:5940	MESH:D009442
DOID:599	MESH:C562465
DOID:6000	MESH:D006333
DOID:6050	MESH:D004935
DOID:6132	MESH:D001991
DOID:6132	MESH:D029481
DOID:6195	MESH:D003231
DOID:6196	MESH:D016918
DOID:62	MESH:C563178
DOID:620	MESH:D001796
DOID:630	MESH:D030342
DOID:631	MESH:D005356
DOID:633	MESH:D009220
DOID:6364	MESH:D008881
DOID:6432	MESH:D006976
DOID:646	MESH:D004671
DOID:649	MESH:D017096
DOID:6498	MESH:D017492
DOID:654	MESH:D044343
DOID:655	MESH:D008661
DOID:657	MESH:D000236
DOID:6612	MESH:D018370
DOID:6688	MESH:D056735
DOID:6725	MESH:D013130
DOID:674	MESH:D002972
DOID:676	MESH:D001171
DOID:679	MESH:D001480
DOID:680	MESH:D024801
DOID:699	MESH:D017240
DOID:700	MESH:D028361
DOID:707	MESH:D016393
DOID:715	MESH:D015458
DOID:7166	MESH:D013966
DOID:7188	MESH:D013967
DOID:731	MESH:D014571
DOID:732	MESH:D014522
DOID:7427	MESH:D000881
DOID:746	MESH:D018254
DOID:7475	MESH:D004238
DOID:75	MESH:D008206
DOID:750	MESH:D010437
DOID:76	MESH:D013272
DOID:769	MESH:D009447
DOID:780	MESH:D010922
DOID:780	MESH:D011248
DOID:786	MESH:D007818
DOID:790	MESH:D015814
DOID:7997	MESH:D013971
DOID:7998	MESH:D006980
DOID:801	MESH:D006395
DOID:811	MESH:D008060
DOID:8125	MESH:D055034
DOID:813	MESH:D001170
DOID:8200	MESH:C536774
DOID:823	MESH:D010485
DOID:824	MESH:D010518
DOID:8295	MESH:D012532
DOID:83	MESH:D002386
DOID:8337	MESH:D001064
DOID:841	MESH:D000542
DOID:8432	MESH:D011086
DOID:8439	MESH:D011178
DOID:8463	MESH:D003320
DOID:8465	MESH:D041441
DOID:8466	MESH:D012162
DOID:8478	MESH:D000196
DOID:848	MESH:D001168
DOID:8483	MESH:D015356
DOID:8498	MESH:C537743
DOID:8499	MESH:D009755
DOID:8501	MESH:D058499
DOID:8504	MESH:D007169
DOID:8515	MESH:D011660
DOID:8533	MESH:D007012
DOID:854	MESH:D003095
DOID:8552	MESH:D015464
DOID:8567	MESH:D006689
DOID:8619	MESH:D006970
DOID:8632	MESH:D012514
DOID:8649	MESH:D014062
DOID:865	MESH:D014657
DOID:869	MESH:D002781
DOID:8712	MESH:C537392
DOID:8712	MESH:D009456
DOID:8712	MESH:D016518
DOID:8712	MESH:D017253
DOID:8719	MESH:D002278
DOID:8725	MESH:D015140
DOID:8725	MESH:D015161
DOID:8736	MESH:D012899
DOID:874	MESH:D018410
DOID:8778	MESH:D003424
DOID:8781	MESH:D012409
DOID:883	MESH:D006373
DOID:8858	MESH:D014067
DOID:8864	MESH:D007948
DOID:8886	MESH:D002825
DOID:8923	MESH:C562393
DOID:8924	MESH:D016553
DOID:8927	MESH:D007859
DOID:8947	MESH:D003930
DOID:8955	MESH:D000756
DOID:896	MESH:D008664
DOID:898	MESH:D007690
DOID:9036	MESH:D010307
DOID:906	MESH:D018901
DOID:9111	MESH:D016773
DOID:9113	MESH:D006100
DOID:9119	MESH:D015470
DOID:9120	MESH:D000686
DOID:9181	MESH:D000562
DOID:9182	MESH:D010392
DOID:9246	MESH:D028243
DOID:9252	MESH:D000592
DOID:9255	MESH:C563003
DOID:9256	MESH:D015179
DOID:9258	MESH:D014849
DOID:9270	MESH:D000474
DOID:9275	MESH:D020176
DOID:9281	MESH:D010661
DOID:9281	MESH:D017042
DOID:9297	MESH:D008047
DOID:93	MESH:D007806
DOID:930	MESH:D009916
DOID:9306	MESH:D013285
DOID:9368	MESH:D007637
DOID:9392	MESH:D014136
DOID:9406	MESH:D007018
DOID:9423	MESH:D001762
DOID:9428	MESH:D019586
DOID:9446	MESH:D002761
DOID:9452	MESH:D005234
DOID:9452	MESH:D005235
DOID:9455	MESH:D008064
DOID:946	MESH:D004030
DOID:9463	MESH:D010032
DOID:9470	MESH:D016920
DOID:9471	MESH:D008581
DOID:950	MESH:D003607
DOID:9531	MESH:D013592
DOID:9553	MESH:D000307
DOID:9561	MESH:D009302
DOID:9562	MESH:D002925
DOID:9563	MESH:D001987
DOID:9574	MESH:C562435
DOID:9574	MESH:D002754
DOID:9588	MESH:D004660
DOID:962	MESH:D009455
DOID:963	MESH:C580065
DOID:9637	MESH:D013280
DOID:9650	MESH:D009759
DOID:9667	MESH:D000033
DOID:970	MESH:D013717
DOID:971	MESH:D052256
DOID:9741	MESH:D001660
DOID:9743	MESH:D003929
DOID:9744	MESH:D003922
DOID:9809	MESH:D018366
DOID:9835	MESH:D012030
DOID:9840	MESH:D004948
DOID:9849	MESH:D008575
DOID:9856	MESH:D013590
DOID:986	MESH:D000506
DOID:987	MESH:D000505
DOID:9870	MESH:D005693
DOID:9884	MESH:D009136
DOID:9931	MESH:D014884
DOID:9938	MESH:D003607
DOID:9957	MESH:D010522
DOID:9965	MESH:D014123
DOID:9970	MESH:D009765
DOID:9988	MESH:D009494
DOID:1770	MESH:D008532
DOID:1785	MESH:D010911
DOID:1786	MESH:D000314
DOID:1790	MESH:C562839
DOID:1798	MESH:D018273
DOID:180	MESH:D018214
DOID:1800	MESH:D018278
DOID:1803	MESH:D009443
DOID:1811	MESH:D012019
DOID:1824	MESH:D013226
DOID:1825	MESH:D004832
DOID:1837	MESH:D016883
DOID:1838	MESH:D007706
DOID:1849	MESH:D002189
DOID:1852	MESH:D002780
DOID:1856	MESH:D002636
DOID:1862	MESH:D007573
DOID:1863	MESH:D012888
DOID:1866	MESH:D006101
DOID:1876	MESH:D012735
DOID:1896	MESH:D012811
DOID:1897	MESH:D012810
DOID:1907	MESH:D051677
DOID:1911	MESH:D018240
DOID:1919	MESH:D007926
DOID:1920	MESH:D033461
DOID:1921	MESH:D007713
DOID:1925	MESH:C536436
DOID:1928	MESH:D018980
DOID:1929	MESH:D021921
DOID:1930	MESH:D007849
DOID:1931	MESH:D007027
DOID:1932	MESH:D017204
DOID:1933	MESH:D012415
DOID:1949	MESH:D002764
DOID:1963	MESH:D005185
DOID:1964	MESH:D005185
DOID:1967	MESH:D007890
DOID:1974	MESH:D018195
DOID:1993	MESH:D012004
DOID:1998	MESH:D008185
DOID:200	MESH:D005870
DOID:2001	MESH:D009463
DOID:2006	MESH:D019773
DOID:2012	MESH:C536288
DOID:2018	MESH:D006946
DOID:203	MESH:D005096
DOID:2044	MESH:D056487
DOID:2047	MESH:D003699
DOID:2048	MESH:D019693
DOID:2055	MESH:D013313
DOID:2058	MESH:D002178
DOID:206	MESH:D005097
DOID:2065	MESH:D018252
DOID:2074	MESH:D007416
DOID:210	MESH:D036982
DOID:2106	MESH:D009224
DOID:2112	MESH:D021865
DOID:2120	MESH:D005489
DOID:2154	MESH:D009396
DOID:2155	MESH:C562841
DOID:2173	MESH:D005142
DOID:2211	MESH:D005177
DOID:2212	MESH:D020147
DOID:2215	MESH:D005168
DOID:2216	MESH:D005166
DOID:2219	MESH:D013915
DOID:2222	MESH:D005171
DOID:2223	MESH:D010981
DOID:2224	MESH:D013920
DOID:2228	MESH:D013922
DOID:2229	MESH:D005173
DOID:223	MESH:D014715
DOID:2231	MESH:D005175
DOID:2235	MESH:D007020
DOID:2236	MESH:D000347
DOID:2247	MESH:D055009
DOID:2272	MESH:D002181
DOID:2273	MESH:D014848
DOID:2280	MESH:D017497
DOID:2282	MESH:D016575
DOID:230	MESH:D016472
DOID:2300	MESH:D013169
DOID:2303	MESH:D019956
DOID:2312	MESH:D009617
DOID:2316	MESH:D002545
DOID:2321	MESH:D004415
DOID:2326	MESH:D005759
DOID:2339	MESH:D003394
DOID:2354	MESH:D000750
DOID:2366	MESH:D014901
DOID:2367	MESH:D019150
DOID:2368	MESH:D005733
DOID:2373	MESH:D004612
DOID:2378	MESH:D020529
DOID:2382	MESH:D007647
DOID:2384	MESH:D014899
DOID:2409	MESH:D012227
DOID:2411	MESH:D016586
DOID:2426	MESH:D005729
DOID:2431	MESH:D005918
DOID:2436	MESH:D005918
DOID:2444	MESH:D006964
DOID:2449	MESH:D000172
DOID:2451	MESH:D018455
DOID:2457	MESH:D003233
DOID:2474	MESH:D003233
DOID:2477	MESH:D015417
DOID:2479	MESH:D014717
DOID:248	MESH:D014134
DOID:2493	MESH:D020252
DOID:2510	MESH:D020232
DOID:2512	MESH:D001478
DOID:2513	MESH:D002280
DOID:2513	MESH:D018295
DOID:2518	MESH:D009920
DOID:252	MESH:D011604
DOID:2533	MESH:D013159
DOID:2536	MESH:D020277
DOID:2538	MESH:D018887
DOID:2548	MESH:D020195
DOID:2555	MESH:D020293
DOID:2556	MESH:D011081
DOID:2559	MESH:D009293
DOID:2560	MESH:D009021
DOID:2562	MESH:D010482
DOID:2565	MESH:D003317
DOID:2570	MESH:D015620
DOID:2582	MESH:D020642
DOID:2590	MESH:C535761
DOID:2609	MESH:D018194
DOID:2626	MESH:D020288
DOID:2634	MESH:D003537
DOID:2636	MESH:D001948
DOID:264	MESH:D006393
DOID:2640	MESH:D013330
DOID:2643	MESH:D054973
DOID:2645	MESH:D008654
DOID:2649	MESH:D002804
DOID:2653	MESH:D054363
DOID:2661	MESH:D009208
DOID:2668	MESH:D008637
DOID:2671	MESH:D002295
DOID:2683	MESH:D000232
DOID:2689	MESH:C537491
DOID:2689	MESH:D008204
DOID:2691	MESH:D009214
DOID:2696	MESH:D007984
DOID:2702	MESH:D013586
DOID:2708	MESH:D005203
DOID:2710	MESH:D018877
DOID:2712	MESH:D010688
DOID:2717	MESH:D001816
DOID:2718	MESH:D006468
DOID:2725	MESH:D018324
DOID:2730	MESH:D004820
DOID:2732	MESH:D011038
DOID:2734	MESH:D007644
DOID:2736	MESH:D030981
DOID:2736	MESH:D031845
DOID:2738	MESH:D011561
DOID:2739	MESH:D005878
DOID:2745	MESH:D010554
DOID:2746	MESH:D006012
DOID:2748	MESH:D006010
DOID:2749	MESH:D005953
DOID:2750	MESH:D006011
DOID:2751	MESH:D006015
DOID:2752	MESH:D006009
DOID:2754	MESH:D006013
DOID:2755	MESH:D015270
DOID:2768	MESH:D013981
DOID:277	MESH:D006391
DOID:2770	MESH:D003963
DOID:2772	MESH:D017453
DOID:2773	MESH:D003877
DOID:2775	MESH:C562741
DOID:2776	MESH:D050398
DOID:2785	MESH:D003616
DOID:2799	MESH:D001989
DOID:2810	MESH:D008878
DOID:2815	MESH:D003390
DOID:2828	MESH:D042101
DOID:2832	MESH:D005847
DOID:2842	MESH:D029593
DOID:2846	MESH:D002012
DOID:2846	MESH:D020186
DOID:2848	MESH:D003866
DOID:2855	MESH:D006981
DOID:2856	MESH:D005067
DOID:2859	MESH:D006445
DOID:2871	MESH:D016889
DOID:2871	MESH:D018269
DOID:288	MESH:D062788
DOID:2883	MESH:D011470
DOID:2891	MESH:D013964
DOID:2907	MESH:D006053
DOID:2908	MESH:D008342
DOID:2917	MESH:D003449
DOID:2920	MESH:D015432
DOID:2926	MESH:D007715
DOID:2929	MESH:D009521
DOID:2934	MESH:D000453
DOID:2935	MESH:D002609
DOID:2942	MESH:D001988
DOID:2951	MESH:D009041
DOID:2957	MESH:D014397
DOID:2960	MESH:D054463
DOID:2962	MESH:D003057
DOID:2964	MESH:D010489
DOID:2972	MESH:D012078
DOID:2973	MESH:D007673
DOID:2975	MESH:D052177
DOID:2977	MESH:D006959
DOID:2977	MESH:D006960
DOID:2981	MESH:D007681
DOID:2982	MESH:D010501
DOID:2983	MESH:D001002
DOID:2986	MESH:D005922
DOID:2987	MESH:D010505
DOID:2997	MESH:D018310
DOID:2999	MESH:D006106
DOID:3007	MESH:D044584
DOID:3008	MESH:D018270
DOID:3012	MESH:D016864
DOID:3025	MESH:D018267
DOID:3030	MESH:D002288
DOID:3042	MESH:D017449
DOID:3047	MESH:D014924
DOID:3049	MESH:D015267
DOID:3052	MESH:D001449
DOID:3069	MESH:D001254
DOID:3070	MESH:D005910
DOID:3071	MESH:D018316
DOID:3074	MESH:D005909
DOID:3078	MESH:D001254
DOID:308	MESH:D004831
DOID:3081	MESH:D018191
DOID:3095	MESH:D009373
DOID:3098	MESH:D018228
DOID:310	MESH:D017243
DOID:3103	MESH:D013901
DOID:3107	MESH:D017227
DOID:3108	MESH:D001198
DOID:3109	MESH:D018344
DOID:3110	MESH:D018283
DOID:3111	MESH:D003536
DOID:3112	MESH:D000231
DOID:3113	MESH:D002291
DOID:3114	MESH:D018284
DOID:3127	MESH:D011349
DOID:3132	MESH:D017119
DOID:3134	MESH:D005148
DOID:3136	MESH:D012536
DOID:3137	MESH:D008069
DOID:3138	MESH:D000052
DOID:3140	MESH:D012592
DOID:3141	MESH:D017520
DOID:3142	MESH:D007868
DOID:3145	MESH:D006952
DOID:3149	MESH:D007636
DOID:3156	MESH:D010859
DOID:3158	MESH:D006229
DOID:3159	MESH:D010787
DOID:3166	MESH:D007955
DOID:3172	MESH:D000236
DOID:3179	MESH:D018308
DOID:318	MESH:D009134
DOID:3183	MESH:D009837
DOID:3186	MESH:D009837
DOID:3193	MESH:D018317
DOID:3204	MESH:C536641
DOID:321	MESH:D015493
DOID:3210	MESH:D020371
DOID:3218	MESH:D007580
DOID:322	MESH:D009187
DOID:3222	MESH:D002422
DOID:3227	MESH:D014135
DOID:3229	MESH:D013271
DOID:3230	MESH:D006610
DOID:3247	MESH:D012208
DOID:3259	MESH:C537605
DOID:3261	MESH:D007589
DOID:3262	MESH:D010585
DOID:3263	MESH:D016116
DOID:3265	MESH:D006105
DOID:327	MESH:D013595
DOID:3275	MESH:D013945
DOID:3284	MESH:D013945
DOID:3292	MESH:D045908
DOID:3298	MESH:D014615
DOID:3301	MESH:D018238
DOID:3302	MESH:D002817
DOID:3304	MESH:D018237
DOID:3305	MESH:D018243
DOID:3307	MESH:D013724
DOID:3308	MESH:D018236
DOID:3309	MESH:D009450
DOID:3314	MESH:D018207
DOID:3320	MESH:D013661
DOID:3321	MESH:D020143
DOID:3322	MESH:D016537
DOID:3323	MESH:D012497
DOID:3325	MESH:D011694
DOID:3327	MESH:D020938
DOID:3329	MESH:D019305
DOID:3330	MESH:D020937
DOID:3332	MESH:D006188
DOID:334	MESH:D006677
DOID:3341	MESH:D010002
DOID:3343	MESH:D009081
DOID:3345	MESH:D014973
DOID:3347	MESH:D012516
DOID:3347	MESH:D018213
DOID:3362	MESH:D003323
DOID:3373	MESH:D018217
DOID:3382	MESH:D008080
DOID:3385	MESH:D016585
DOID:3389	MESH:D010214
DOID:339	MESH:D020436
DOID:3401	MESH:D007177
DOID:3405	MESH:D015614
DOID:3410	MESH:D002341
DOID:3413	MESH:D008363
DOID:3419	MESH:D019574
DOID:3429	MESH:D018979
DOID:3450	MESH:D010145
DOID:3454	MESH:D020520
DOID:3456	MESH:D002579
DOID:3457	MESH:D018275
DOID:3478	MESH:D015811
DOID:3481	MESH:D010930
DOID:3486	MESH:D009335
DOID:3488	MESH:D002481
DOID:349	MESH:D034721
DOID:3492	MESH:D008947
DOID:3493	MESH:D018279
DOID:350	MESH:D008415
DOID:3507	MESH:D018223
DOID:3512	MESH:D018319
DOID:3522	MESH:D014854
DOID:3523	MESH:D020526
DOID:3525	MESH:D020244
DOID:3526	MESH:D002544
DOID:3528	MESH:D020243
DOID:3529	MESH:D020512
DOID:3530	MESH:D034081
DOID:3534	MESH:D020192
DOID:3535	MESH:D020194
DOID:3540	MESH:D016545
DOID:355	MESH:D012515
DOID:3557	MESH:D013478
DOID:3559	MESH:D011553
DOID:3572	MESH:D012851
DOID:3574	MESH:D020227
DOID:3575	MESH:D020226
DOID:3576	MESH:D020225
DOID:3577	MESH:D012707
DOID:3594	MESH:D002822
DOID:3596	MESH:D018245
DOID:3602	MESH:D020258
DOID:3603	MESH:D018282
DOID:3611	MESH:D015882
DOID:3613	MESH:D017825
DOID:3614	MESH:D017436
DOID:3616	MESH:D018206
DOID:3618	MESH:D015174
DOID:3633	MESH:D044905
DOID:3642	MESH:D004652
DOID:3644	MESH:D007029
DOID:3649	MESH:D015325
DOID:3650	MESH:D000140
DOID:3651	MESH:D015324
DOID:3652	MESH:D007888
DOID:3659	MESH:D029461
DOID:3660	MESH:D021182
DOID:3665	MESH:D034701
DOID:3669	MESH:D007383
DOID:367	MESH:D020431
DOID:3671	MESH:D010497
DOID:3672	MESH:D018335
DOID:3677	MESH:D016726
DOID:3687	MESH:D017241
DOID:3689	MESH:D020968
DOID:3721	MESH:D010954
DOID:3733	MESH:D013801
DOID:3737	MESH:D018289
DOID:374	MESH:D009748
DOID:3748	MESH:C562729
DOID:3755	MESH:D020152
DOID:3756	MESH:D020151
DOID:3762	MESH:D030401
DOID:3763	MESH:D012734
DOID:3764	MESH:D030321
DOID:3766	MESH:D007973
DOID:3767	MESH:D019522
DOID:3772	MESH:D008579
DOID:3777	MESH:D016460
DOID:3781	MESH:D000858
DOID:3783	MESH:D038921
DOID:3803	MESH:D003414
DOID:3805	MESH:D017499
DOID:3818	MESH:D017454
DOID:3819	MESH:D011040
DOID:3821	MESH:D020762
DOID:3825	MESH:D012790
DOID:3827	MESH:D006548
DOID:3828	MESH:D000238
DOID:3829	MESH:D010911
DOID:3840	MESH:D003397
DOID:3842	MESH:D019292
DOID:3846	MESH:D003397
DOID:3847	MESH:D003397
DOID:3852	MESH:D010580
DOID:3861	MESH:D008527
DOID:3864	MESH:D008527
DOID:3868	MESH:D008527
DOID:3869	MESH:D008527
DOID:3876	MESH:D003112
DOID:3877	MESH:D003109
DOID:3878	MESH:D007418
DOID:3890	MESH:D017118
DOID:3891	MESH:D010927
DOID:3892	MESH:D007340
DOID:3892	MESH:D007516
DOID:3893	MESH:D018251
DOID:3896	MESH:D006607
DOID:3901	MESH:D014847
DOID:3908	MESH:D002289
DOID:3910	MESH:C538231
DOID:3911	MESH:D011371
DOID:3927	MESH:C535549
DOID:3928	MESH:D000274
DOID:3933	MESH:D000868
DOID:3946	MESH:D047748
DOID:3948	MESH:D018268
DOID:3962	MESH:D018263
DOID:3968	MESH:D018265
DOID:3969	MESH:C536915
DOID:3981	MESH:D006211
DOID:3982	MESH:D008538
DOID:3983	MESH:D009814
DOID:3985	MESH:D010029
DOID:401	MESH:D018088
DOID:4015	MESH:D002277
DOID:402	MESH:D014393
DOID:4022	MESH:D014518
DOID:4023	MESH:D008039
DOID:4024	MESH:D002293
DOID:4025	MESH:D013231
DOID:4028	MESH:C536366
DOID:4029	MESH:D005756
DOID:4030	MESH:C535952
DOID:4031	MESH:C535952
DOID:4051	MESH:D018232
DOID:407	MESH:D014386
DOID:4071	MESH:D004383
DOID:4072	MESH:D004378
DOID:4078	MESH:D014264
DOID:4080	MESH:D014262
DOID:4085	MESH:D014328
DOID:4131	MESH:D004894
DOID:4136	MESH:D009236
DOID:4140	MESH:D001657
DOID:4141	MESH:D008579
DOID:4143	MESH:D009918
DOID:4154	MESH:D003811
DOID:4175	MESH:D012203
DOID:4176	MESH:D001787
DOID:4183	MESH:D011556
DOID:4188	MESH:D004454
DOID:4189	MESH:D009155
DOID:419	MESH:D012594
DOID:4196	MESH:D020428
DOID:4201	MESH:D020427
DOID:421	MESH:D006201
DOID:4210	MESH:D008579
DOID:4217	MESH:D001948
DOID:422	MESH:D020914
DOID:4226	MESH:D018203
DOID:4231	MESH:D051642
DOID:4233	MESH:D018227
DOID:4235	MESH:D012509
DOID:4236	MESH:D002296
DOID:4236	MESH:D018199
DOID:4236	MESH:D018200
DOID:4239	MESH:D018234
DOID:4247	MESH:D023903
DOID:4248	MESH:D023921
DOID:4249	MESH:D016098
DOID:4252	MESH:D038261
DOID:4253	MESH:D008557
DOID:4257	MESH:D006958
DOID:4258	MESH:D010855
DOID:4260	MESH:D020235
DOID:4265	MESH:D018229
DOID:4267	MESH:D000405
DOID:4270	MESH:D016890
DOID:4271	MESH:D016881
DOID:429	MESH:D006175
DOID:4297	MESH:D012587
DOID:4305	MESH:D018212
DOID:4306	MESH:D011843
DOID:4307	MESH:D011128
DOID:4308	MESH:D011129
DOID:431	MESH:D009209
DOID:4310	MESH:D018235
DOID:4313	MESH:D016107
DOID:4320	MESH:D031954
DOID:4322	MESH:D049309
DOID:4325	MESH:D019142
DOID:4327	MESH:D008379
DOID:4329	MESH:D031249
DOID:4331	MESH:D002054
DOID:4333	MESH:D010310
DOID:4346	MESH:D046350
DOID:4347	MESH:D008210
DOID:4362	MESH:D002583
DOID:4367	MESH:D043204
DOID:4370	MESH:D045724
DOID:4371	MESH:D019873
DOID:4372	MESH:D020766
DOID:4374	MESH:D012832
DOID:4378	MESH:D021183
DOID:4379	MESH:D021184
DOID:4394	MESH:D015616
DOID:4398	MESH:D011565
DOID:4400	MESH:C562379
DOID:4404	MESH:D009783
DOID:4407	MESH:D017484
DOID:4409	MESH:D005499
DOID:4415	MESH:D018219
DOID:4418	MESH:D018219
DOID:4423	MESH:D012618
DOID:4424	MESH:D014972
DOID:4428	MESH:D004410
DOID:4430	MESH:D013005
DOID:4440	MESH:D018239
DOID:4441	MESH:D004407
DOID:4447	MESH:D008269
DOID:4449	MESH:D008269
DOID:4450	MESH:D002292
DOID:4464	MESH:D002292
DOID:4465	MESH:C538614
DOID:4465	MESH:D002292
DOID:4467	MESH:D002292
DOID:4468	MESH:D008649
DOID:4468	MESH:D018262
DOID:4471	MESH:D002292
DOID:4473	MESH:D002292
DOID:4480	MESH:D000130
DOID:4483	MESH:D012220
DOID:4491	MESH:D018923
DOID:4492	MESH:D005585
DOID:4500	MESH:D007008
DOID:4511	MESH:C536368
DOID:452	MESH:D008949
DOID:4534	MESH:D006210
DOID:4540	MESH:D000381
DOID:4541	MESH:D000849
DOID:4542	MESH:D000237
DOID:4543	MESH:D000648
DOID:4545	MESH:D018211
DOID:4550	MESH:D000694
DOID:4551	MESH:D001005
DOID:4552	MESH:D018287
DOID:4557	MESH:D007967
DOID:4558	MESH:D008158
DOID:456	MESH:D001196
DOID:4562	MESH:D004698
DOID:4586	MESH:C537443
DOID:4587	MESH:D008579
DOID:4588	MESH:D008579
DOID:4594	MESH:D008579
DOID:4603	MESH:D017488
DOID:4607	MESH:D001661
DOID:4608	MESH:D003138
DOID:461	MESH:D009379
DOID:461	MESH:D019042
DOID:4613	MESH:D020424
DOID:4617	MESH:D010484
DOID:4618	MESH:D008441
DOID:4624	MESH:D004687
DOID:4626	MESH:D006832
DOID:4627	MESH:D020240
DOID:4645	MESH:D019572
DOID:4648	MESH:D012175
DOID:4659	MESH:D034801
DOID:4660	MESH:D034721
DOID:4661	MESH:D018777
DOID:4662	MESH:D013786
DOID:4671	MESH:D005611
DOID:4674	MESH:D013734
DOID:4676	MESH:D014511
DOID:468	MESH:D006391
DOID:4692	MESH:D009877
DOID:4697	MESH:D018317
DOID:4702	MESH:D049328
DOID:4723	MESH:D019585
DOID:4724	MESH:D001929
DOID:4730	MESH:D012223
DOID:4731	MESH:D012222
DOID:4734	MESH:D002115
DOID:4744	MESH:D010921
DOID:4751	MESH:D020955
DOID:4762	MESH:D018783
DOID:4765	MESH:D018202
DOID:4769	MESH:C537516
DOID:4772	MESH:D018201
DOID:4773	MESH:D018201
DOID:479	MESH:D000794
DOID:4790	MESH:D018242
DOID:4794	MESH:D018242
DOID:4795	MESH:D049290
DOID:4796	MESH:D018489
DOID:4798	MESH:D034721
DOID:4810	MESH:D019294
DOID:4830	MESH:D018196
DOID:4837	MESH:D010015
DOID:4839	MESH:D018266
DOID:484	MESH:D020141
DOID:4843	MESH:D018315
DOID:4844	MESH:D004806
DOID:4851	MESH:D001254
DOID:4873	MESH:D016472
DOID:4885	MESH:D003121
DOID:4889	MESH:D014388
DOID:4889	MESH:D018601
DOID:4897	MESH:D001650
DOID:4903	MESH:D000230
DOID:4905	MESH:C562463
DOID:4908	MESH:D001005
DOID:4914	MESH:C562730
DOID:4916	MESH:D010911
DOID:4922	MESH:C537535
DOID:4927	MESH:D018285
DOID:4928	MESH:D018281
DOID:4929	MESH:D000230
DOID:4943	MESH:D065311
DOID:4947	MESH:D018281
DOID:4952	MESH:D016262
DOID:4961	MESH:D001855
DOID:4962	MESH:D010495
DOID:4964	MESH:D003866
DOID:4964	MESH:D000275
DOID:4964	MESH:D009497
DOID:4968	MESH:D009347
DOID:4969	MESH:D005862
DOID:4970	MESH:D020238
DOID:4971	MESH:D055728
DOID:4974	MESH:D000187
DOID:4988	MESH:D019512
DOID:4989	MESH:D010195
DOID:4990	MESH:D020329
DOID:4992	MESH:D020339
DOID:4997	MESH:D003966
DOID:4998	MESH:D015826
DOID:5003	MESH:D005058
DOID:5039	MESH:D009379
DOID:5050	MESH:D002286
DOID:5062	MESH:D010623
DOID:5063	MESH:D002281
DOID:5075	MESH:D004806
DOID:5076	MESH:D005910
DOID:5077	MESH:D001254
DOID:5078	MESH:D018303
DOID:5101	MESH:D004428
DOID:5112	MESH:D013540
DOID:5117	MESH:C562731
DOID:5138	MESH:D018231
DOID:5151	MESH:D018318
DOID:5154	MESH:D001890
DOID:5160	MESH:D001162
DOID:5162	MESH:D050379
DOID:5166	MESH:D036821
DOID:519	MESH:D001025
DOID:5204	MESH:D015319
DOID:5213	MESH:D020277
DOID:5222	MESH:D004684
DOID:5223	MESH:D007246
DOID:5230	MESH:D017121
DOID:5232	MESH:D001023
DOID:526	MESH:D015658
DOID:5264	MESH:D007890
DOID:5268	MESH:D007890
DOID:529	MESH:D001764
DOID:5325	MESH:C535687
DOID:5334	MESH:D010263
DOID:5337	MESH:D005882
DOID:5338	MESH:D005886
DOID:5339	MESH:C536227
DOID:5340	MESH:D020324
DOID:5363	MESH:D018208
DOID:5374	MESH:D018296
DOID:538	MESH:D015835
DOID:5381	MESH:D002759
DOID:5389	MESH:D018249
DOID:5392	MESH:D000239
DOID:5394	MESH:D015175
DOID:5403	MESH:D000236
DOID:5408	MESH:D010001
DOID:5411	MESH:D018288
DOID:5418	MESH:D011618
DOID:5425	MESH:D016471
DOID:5426	MESH:D016649
DOID:5434	MESH:D012608
DOID:5435	MESH:D016643
DOID:5442	MESH:D018250
DOID:5453	MESH:D011668
DOID:5463	MESH:D015834
DOID:5477	MESH:D062625
DOID:5482	MESH:D062625
DOID:5485	MESH:D013584
DOID:5500	MESH:D004806
DOID:5505	MESH:D004806
DOID:5546	MESH:D005266
DOID:5557	MESH:C563236
DOID:5559	MESH:D008479
DOID:5563	MESH:D013724
DOID:5572	MESH:D001506
DOID:5574	MESH:D003969
DOID:5577	MESH:D015408
DOID:5583	MESH:D018286
DOID:5587	MESH:D054061
DOID:560	MESH:C535908
DOID:5600	MESH:D054198
DOID:5603	MESH:D015459
DOID:5608	MESH:D003784
DOID:5644	MESH:D014263
DOID:5648	MESH:C562943
DOID:5675	MESH:D000230
DOID:5683	MESH:D061325
DOID:5688	MESH:D014898
DOID:57	MESH:D001022
DOID:5702	MESH:D008080
DOID:5758	MESH:C535700
DOID:5759	MESH:D012626
DOID:5766	MESH:D047868
DOID:5773	MESH:D009914
DOID:5804	MESH:D021922
DOID:5805	MESH:D001020
DOID:5812	MESH:D016511
DOID:5813	MESH:C562587
DOID:5820	MESH:D058617
DOID:5842	MESH:D018239
DOID:5845	MESH:D056988
DOID:5850	MESH:D056989
DOID:5855	MESH:D056988
DOID:5870	MESH:D011657
DOID:593	MESH:D000379
DOID:594	MESH:D016584
DOID:5998	MESH:D005348
DOID:6039	MESH:C536494
DOID:606	MESH:D018437
DOID:607	MESH:D010264
DOID:6114	MESH:D008579
DOID:6126	MESH:C563020
DOID:6128	MESH:D018302
DOID:6193	MESH:D012509
DOID:6204	MESH:D000236
DOID:6245	MESH:C537750
DOID:6255	MESH:D049912
DOID:6262	MESH:D054740
DOID:6263	MESH:D058922
DOID:635	MESH:D000163
DOID:636	MESH:D017590
DOID:6376	MESH:D006971
DOID:6406	MESH:D004310
DOID:6419	MESH:D013771
DOID:6420	MESH:D011666
DOID:643	MESH:D007968
DOID:6457	MESH:D006223
DOID:648	MESH:D007729
DOID:6496	MESH:C563195
DOID:6536	MESH:D010265
DOID:6548	MESH:D008579
DOID:6576	MESH:D020339
DOID:660	MESH:D000306
DOID:6620	MESH:D053306
DOID:6652	MESH:D004057
DOID:6676	MESH:D007027
DOID:6678	MESH:C536736
DOID:668	MESH:D009221
DOID:6680	MESH:D002194
DOID:6682	MESH:D013168
DOID:6683	MESH:C535331
DOID:6686	MESH:C536012
DOID:6691	MESH:C535330
DOID:6692	MESH:D055010
DOID:6712	MESH:D020759
DOID:672	MESH:D013160
DOID:6726	MESH:D001254
DOID:678	MESH:D013494
DOID:681	MESH:D010244
DOID:6811	MESH:D001254
DOID:682	MESH:D003161
DOID:6823	MESH:C537162
DOID:683	MESH:D009443
DOID:6869	MESH:D008579
DOID:687	MESH:D018197
DOID:688	MESH:D009373
DOID:6925	MESH:D020427
DOID:6929	MESH:D010211
DOID:693	MESH:D003744
DOID:6950	MESH:D003130
DOID:6977	MESH:D003969
DOID:698	MESH:D003807
DOID:7004	MESH:D049913
DOID:7005	MESH:D001254
DOID:7007	MESH:D001254
DOID:7008	MESH:D001254
DOID:701	MESH:D003805
DOID:7033	MESH:D017129
DOID:705	MESH:D029242
DOID:7146	MESH:D054752
DOID:7147	MESH:D013167
DOID:7148	MESH:D001172
DOID:7165	MESH:D013968
DOID:7173	MESH:C563020
DOID:718	MESH:D000744
DOID:7210	MESH:D008579
DOID:7211	MESH:D008579
DOID:7212	MESH:D008579
DOID:7213	MESH:D008579
DOID:727	MESH:D011293
DOID:7280	MESH:D005887
DOID:730	MESH:D014523
DOID:7305	MESH:D018302
DOID:734	MESH:D014523
DOID:7365	MESH:D000796
DOID:7398	MESH:D018242
DOID:7400	MESH:D049932
DOID:7426	MESH:C531621
DOID:7457	MESH:D010123
DOID:7489	MESH:D055034
DOID:7514	MESH:C536741
DOID:752	MESH:D010439
DOID:7558	MESH:D020435
DOID:7566	MESH:D057090
DOID:758	MESH:D012857
DOID:7608	MESH:D010282
DOID:7633	MESH:D012167
DOID:767	MESH:D009133
DOID:768	MESH:D012175
DOID:7693	MESH:D017544
DOID:7698	MESH:C536126
DOID:7725	MESH:D004830
DOID:775	MESH:D064090
DOID:7765	MESH:D058456
DOID:778	MESH:D012563
DOID:7848	MESH:D054739
DOID:7880	MESH:D018311
DOID:7894	MESH:D008924
DOID:7912	MESH:D009837
DOID:799	MESH:D014648
DOID:8007	MESH:D010178
DOID:8057	MESH:D008579
DOID:809	MESH:D019970
DOID:8161	MESH:C536913
DOID:819	MESH:D008480
DOID:820	MESH:D009205
DOID:833	MESH:D004428
DOID:8399	MESH:D014323
DOID:84	MESH:D010007
DOID:84	MESH:D010008
DOID:8437	MESH:D007415
DOID:8438	MESH:D000343
DOID:8440	MESH:D045823
DOID:8442	MESH:D007418
DOID:8445	MESH:D045822
DOID:8446	MESH:D007443
DOID:845	MESH:D003527
DOID:8454	MESH:D012257
DOID:8455	MESH:D026681
DOID:8456	MESH:D002796
DOID:8457	MESH:D010383
DOID:8461	MESH:D058540
DOID:8472	MESH:D012594
DOID:8476	MESH:D008061
DOID:8488	MESH:D006831
DOID:8505	MESH:D003874
DOID:8506	MESH:D010391
DOID:8508	MESH:D012872
DOID:853	MESH:D011111
DOID:8534	MESH:D005764
DOID:8536	MESH:D006562
DOID:8538	MESH:D008228
DOID:8541	MESH:D012751
DOID:8543	MESH:D006689
DOID:8544	MESH:D015673
DOID:8545	MESH:D008305
DOID:8553	MESH:D017511
DOID:856	MESH:D028921
DOID:8564	MESH:D008048
DOID:8566	MESH:D006561
DOID:8568	MESH:D007244
DOID:857	MESH:D009100
DOID:8573	MESH:D017513
DOID:8577	MESH:D003093
DOID:8580	MESH:D054747
DOID:8584	MESH:D002051
DOID:859	MESH:D028922
DOID:8593	MESH:D007951
DOID:8596	MESH:D012541
DOID:8616	MESH:D010411
DOID:8628	MESH:D006689
DOID:864	MESH:D010689
DOID:8643	MESH:D004382
DOID:8645	MESH:D003693
DOID:8651	MESH:D006689
DOID:8654	MESH:D006689
DOID:8659	MESH:D002644
DOID:8675	MESH:D008228
DOID:8677	MESH:D020345
DOID:8681	MESH:D020364
DOID:8683	MESH:D023981
DOID:8689	MESH:D000856
DOID:8691	MESH:D009182
DOID:8692	MESH:D007951
DOID:8704	MESH:D006558
DOID:8717	MESH:D003668
DOID:8729	MESH:D011213
DOID:8738	MESH:D052798
DOID:8741	MESH:D012628
DOID:8743	MESH:D016731
DOID:8757	MESH:D005758
DOID:876	MESH:D052880
DOID:8761	MESH:D007947
DOID:8771	MESH:D004474
DOID:8805	MESH:D000789
DOID:884	MESH:D014201
DOID:885	MESH:D005211
DOID:8861	MESH:D011662
DOID:8866	MESH:D055623
DOID:8867	MESH:D008976
DOID:8869	MESH:D009471
DOID:888	MESH:D014201
DOID:8881	MESH:D012393
DOID:8892	MESH:D017515
DOID:8893	MESH:D011565
DOID:890	MESH:D017237
DOID:891	MESH:D020191
DOID:8929	MESH:D005757
DOID:893	MESH:D006527
DOID:8931	MESH:C536380
DOID:8936	MESH:C537000
DOID:8941	MESH:D063807
DOID:8943	MESH:C537935
DOID:8956	MESH:D015605
DOID:8970	MESH:D013344
DOID:8986	MESH:D009290
DOID:899	MESH:D015529
DOID:8991	MESH:D018290
DOID:8997	MESH:D011087
DOID:900	MESH:D020065
DOID:9007	MESH:D013398
DOID:9008	MESH:D015535
DOID:905	MESH:D015211
DOID:9060	MESH:D014010
DOID:9063	MESH:D013206
DOID:9065	MESH:D007896
DOID:9072	MESH:D006103
DOID:9074	MESH:D008180
DOID:9080	MESH:D008258
DOID:9088	MESH:D010267
DOID:9091	MESH:D020187
DOID:9123	MESH:D007617
DOID:913	MESH:D020966
DOID:914	MESH:D010382
DOID:9146	MESH:D007898
DOID:9153	MESH:D012899
DOID:9155	MESH:D007897
DOID:9159	MESH:D005738
DOID:9164	MESH:D004931
DOID:9169	MESH:D014923
DOID:9192	MESH:D015154
DOID:92	MESH:D013064
DOID:9201	MESH:D008010
DOID:9206	MESH:D001471
DOID:9207	MESH:D020189
DOID:9210	MESH:D016697
DOID:9212	MESH:D010916
DOID:9220	MESH:D020182
DOID:9230	MESH:D011146
DOID:9240	MESH:D004916
DOID:9245	MESH:D016738
DOID:9248	MESH:D054975
DOID:9249	MESH:C537599
DOID:9250	MESH:D055673
DOID:9253	MESH:D046152
DOID:9254	MESH:D007946
DOID:9261	MESH:D009303
DOID:9263	MESH:D006712
DOID:9266	MESH:D003555
DOID:9267	MESH:D056806
DOID:9268	MESH:D020158
DOID:9269	MESH:D008375
DOID:9271	MESH:D020163
DOID:9273	MESH:D020159
DOID:9274	MESH:D020167
DOID:9277	MESH:D013132
DOID:9278	MESH:D020162
DOID:9279	MESH:D020138
DOID:9280	MESH:D020165
DOID:9282	MESH:D009798
DOID:9286	MESH:D011317
DOID:9296	MESH:D002971
DOID:9305	MESH:D014400
DOID:9307	MESH:D012005
DOID:931	MESH:D008989
DOID:9317	MESH:D008205
DOID:9362	MESH:D013224
DOID:9369	MESH:D016727
DOID:9370	MESH:D005094
DOID:9395	MESH:D003440
DOID:9398	MESH:D004826
DOID:9402	MESH:D004823
DOID:9409	MESH:D003919
DOID:9410	MESH:C580003
DOID:9427	MESH:D020343
DOID:9432	MESH:D006030
DOID:9467	MESH:D009261
DOID:9476	MESH:D007018
DOID:9477	MESH:D011655
DOID:9478	MESH:D019052
DOID:9487	MESH:D008467
DOID:9498	MESH:D011657
DOID:9503	MESH:D011657
DOID:9505	MESH:D002189
DOID:9507	MESH:D015521
DOID:9513	MESH:D007952
DOID:9521	MESH:D046150
DOID:9537	MESH:D007835
DOID:9538	MESH:D009101
DOID:9540	MESH:D017445
DOID:9565	MESH:D003914
DOID:9584	MESH:D004685
DOID:9597	MESH:D007725
DOID:9598	MESH:D005208
DOID:96	MESH:D013202
DOID:9600	MESH:D036981
DOID:9602	MESH:D019115
DOID:9620	MESH:D014718
DOID:9631	MESH:D010381
DOID:9640	MESH:D012523
DOID:9643	MESH:D001404
DOID:9649	MESH:D020417
DOID:9651	MESH:D054143
DOID:9663	MESH:D013281
DOID:9672	MESH:D009625
DOID:9673	MESH:D005892
DOID:9681	MESH:D002581
DOID:9682	MESH:D015004
DOID:9700	MESH:D003234
DOID:9719	MESH:D018630
DOID:9726	MESH:D020255
DOID:9733	MESH:D014398
DOID:9740	MESH:D017562
DOID:9746	MESH:D006484
DOID:9765	MESH:D041882
DOID:9766	MESH:C536762
DOID:9767	MESH:D017682
DOID:9768	MESH:D006322
DOID:9775	MESH:D054144
DOID:9778	MESH:D043183
DOID:9784	MESH:D014235
DOID:9786	MESH:D011052
DOID:9790	MESH:D007816
DOID:980	MESH:C535358
DOID:9801	MESH:D014395
DOID:9808	MESH:D019867
DOID:9810	MESH:D010488
DOID:9821	MESH:D015794
DOID:9827	MESH:C562408
DOID:9828	MESH:D009357
DOID:9834	MESH:D006956
DOID:9837	MESH:D013285
DOID:9848	MESH:D018159
DOID:9854	MESH:D009069
DOID:9861	MESH:D014391
DOID:9869	MESH:D005633
DOID:988	MESH:D008945
DOID:9893	MESH:D010520
DOID:990	MESH:C535758
DOID:9903	MESH:D017043
DOID:9905	MESH:D000507
DOID:9909	MESH:D006726
DOID:992	MESH:D006481
DOID:9923	MESH:D019957
DOID:9953	MESH:D015456
DOID:9955	MESH:D018636
DOID:9958	MESH:D006409
DOID:997	MESH:D019687
DOID:9972	MESH:D006986
DOID:9975	MESH:D019970
DOID:9976	MESH:D006556
DOID:998	MESH:D016603
DOID:9986	MESH:C537131
DOID:999	MESH:D004802
DOID:999	MESH:D017681
DOID:9993	MESH:D007003
nodeID://b6070057	MESH:D015624
nodeID://b6070058	MESH:D015624
nodeID://b6070334	MESH:D009202
nodeID://b6070451	MESH:C538001
nodeID://b6070694	MESH:D004761
nodeID://b6072852	MESH:C538250
nodeID://b6072913	MESH:C537243
nodeID://b6073362	MESH:C536597
nodeID://b6073568	MESH:C536078
nodeID://b6075492	MESH:C536231
nodeID://b6075493	MESH:C536277
nodeID://b6080922	MESH:C538445
nodeID://b6081378	MESH:C535837
nodeID://b6081914	MESH:C538098
nodeID://b6084193	MESH:D003093
nodeID://b6084529	MESH:D003424
nodeID://b6084533	MESH:C536215
