Date	affy_probeset-ncbigene	assembly_insdc-bioproject	assembly_insdc-biosample	assembly_insdc-insdc_master	atc-pubchem_compound	bioproject-biosample	bioproject-geo_series	bioproject-pubmed	bioproject_umbrella-bioproject	biosample-bioproject	biosample-geo_sample	cellosaurus-ncit_disease	cellosaurus-orphanet	cellosaurus-orphanet_phenotype	chebi-inchi_key	chembl_compound-chebi	chembl_compound-chembl_target	chembl_compound-drugbank	chembl_compound-hmdb	chembl_compound-inchi_key	chembl_compound-mesh	chembl_compound-pdb_ccd	chembl_compound-pubchem_compound	chembl_compound-pubchem_substance	chembl_compound-pubmed	chembl_target-ensembl_gene	chembl_target-go	chembl_target-interpro	chembl_target-pdb	chembl_target-pfam	chembl_target-reactome_pathway	chembl_target-uniprot	clinvar-dbsnp	clinvar-hgnc	clinvar-medgen	clinvar-mondo	clinvar-ncbigene	clinvar-omim_phenotype	clinvar-orphanet_phenotype	clinvar-uniprot	cog-insdc	cog-refseq_protein	doid-mesh	doid-ncit_disease	doid-omim_phenotype	ensembl_gene-affy_probeset	ensembl_gene-ensembl_protein	ensembl_gene-ensembl_transcript	ensembl_gene-hgnc	ensembl_gene-ncbigene	ensembl_gene-uniprot	ensembl_protein-ensembl_transcript	ensembl_transcript-affy_probeset	ensembl_transcript-go	ensembl_transcript-hgnc	ensembl_transcript-refseq_rna	gea-bioproject	gea-biosample	glycomotif-glytoucan	glytoucan-doid	glytoucan-ncbigene	glytoucan-uniprot	hgnc-ccds	hgnc-ec	hgnc-ensembl_gene	hgnc-hgnc_symbol	hgnc-insdc	hgnc-lrg	hgnc-mgi	hgnc-mgi_gene	hgnc-mirbase	hgnc-ncbigene	hgnc-omim_gene	hgnc-pubmed	hgnc-refseq_genomic	hgnc-refseq_rna	hgnc-rgd	hgnc-uniprot	hmdb-chebi	hmdb-inchi_key	hmdb-pdb_ccd	hmdb-pubchem_compound	homologene-ncbigene	hp_inheritance-omim_phenotype	hp_phenotype-ncbigene	hp_phenotype-omim_phenotype	hp_phenotype-orphanet	hp_phenotype-orphanet_phenotype	insdc-bioproject	insdc-biosample	insdc_master-bioproject	insdc_master-biosample	interpro-go	interpro-pdb	interpro-pfam	interpro-prosite	interpro-pubmed	interpro-reactome_pathway	interpro-smart	interpro-uniprot	jga_study-jga_dataset	jga_study-nbdc_human_db	jga_study-pubmed	lipidmaps-chebi	lipidmaps-inchi_key	lipidmaps-swisslipids	mbgd_gene-uniprot	mbgd_organism-taxonomy	medgen-hp_phenotype	medgen-mesh	medgen-mondo	medgen-ncbigene	medgen-omim_phenotype	medgen-orphanet	medgen-orphanet_phenotype	mgi_gene-ensembl_gene	mgi_gene-hgnc	mgi_gene-mgi_allele	mgi_gene-ncbigene	mgi_gene-uniprot	mgi_genotype-doid	mgi_genotype-mgi_allele	mgi_genotype-mp	mondo-doid	mondo-hp_phenotype	mondo-meddra	mondo-mesh	mondo-omim_phenotype	mondo-orphanet	mondo-orphanet_phenotype	nando-mondo	ncbigene-ensembl_gene	ncbigene-ensembl_protein	ncbigene-ensembl_transcript	ncbigene-flybase_gene	ncbigene-go	ncbigene-hgnc	ncbigene-mgi	ncbigene-mgi_gene	ncbigene-mirbase	ncbigene-omim_gene	ncbigene-refseq_genomic	ncbigene-refseq_protein	ncbigene-refseq_rna	ncbigene-rgd	ncbigene-sgd	ncbigene-tair	ncbigene-taxonomy	ncbigene-vgnc	ncbigene-wormbase_gene	ncbigene-xenbase_gene	ncbigene-zfin_gene	ncit_disease-ncit_tissue	oma_protein-ensembl_gene	oma_protein-ensembl_transcript	oma_protein-ncbigene	oma_protein-uniprot	orphanet-meddra	orphanet-mesh	orphanet-omim_phenotype	orphanet_gene-ensembl_gene	orphanet_gene-hgnc	orphanet_gene-omim_gene	orphanet_gene-uniprot	orphanet_phenotype-meddra	orphanet_phenotype-mesh	orphanet_phenotype-omim_phenotype	orphanet_phenotype-orphanet_gene	pdb-go	pdb-interpro	pdb-pdb_ccd	pdb-pfam	pdb-uniprot	pmc-pubmed	prosite-prosite_prorule	pubchem_compound-atc	pubchem_compound-chebi	pubchem_compound-chembl_compound	pubchem_compound-drugbank	pubchem_compound-glytoucan	pubchem_compound-inchi_key	pubchem_pathway-ncbigene	pubchem_pathway-pathbank	pubchem_pathway-pubchem_compound	pubchem_pathway-reactome_pathway	pubchem_pathway-uniprot	pubchem_pathway-wikipathways	reactome_pathway-chebi	reactome_pathway-go	reactome_pathway-iuphar_ligand	reactome_pathway-mirbase	reactome_pathway-reactome_reaction	reactome_pathway-uniprot	reactome_reaction-chebi	reactome_reaction-go	reactome_reaction-iuphar_ligand	reactome_reaction-mirbase	reactome_reaction-uniprot	refseq_protein-uniprot	refseq_rna-dbsnp	refseq_rna-hgnc	refseq_rna-ncbigene	refseq_rna-omim_gene	refseq_rna-pubmed	refseq_rna-refseq_protein	refseq_rna-taxonomy	rhea-chebi	rhea-ec	rhea-go	rhea-pubmed	rhea-reactome_reaction	rhea-uniprot	sra_accession-bioproject	sra_accession-biosample	sra_accession-sra_analysis	sra_accession-sra_experiment	sra_accession-sra_project	sra_accession-sra_run	sra_accession-sra_sample	sra_experiment-bioproject	sra_experiment-biosample	sra_experiment-sra_project	sra_experiment-sra_sample	sra_project-bioproject	sra_run-bioproject	sra_run-biosample	sra_run-sra_experiment	sra_run-sra_project	sra_run-sra_sample	sra_sample-biosample	swisslipids-chebi	swisslipids-hmdb	swisslipids-inchi_key	taxonomy-pubmed	togovar-clinvar	togovar-dbsnp	togovar-ensembl_gene	togovar-ensembl_transcript	togovar-hgnc	togovar-medgen	togovar-ncbigene	togovar-pubmed	togovar-refseq_rna	uberon-ncit_tissue	uniprot-chembl_target	uniprot-dbsnp	uniprot-ec	uniprot-ensembl_gene	uniprot-ensembl_protein	uniprot-ensembl_transcript	uniprot-go	uniprot-hgnc	uniprot-insdc	uniprot-intact	uniprot-ncbigene	uniprot-oma_group	uniprot-omim_gene	uniprot-omim_phenotype	uniprot-orphanet	uniprot-orphanet_phenotype	uniprot-pdb	uniprot-reactome_pathway	uniprot-refseq_protein	uniprot-taxonomy	uniprot-uniprot_mnemonic	uniprot_reference_proteome-assembly_insdc	uniprot_reference_proteome-assembly_refseq	uniprot_reference_proteome-taxonomy	wikipathways-chebi	wikipathways-doid	wikipathways-hmdb	wikipathways-lipidmaps	wikipathways-ncbigene	wikipathways-uniprot	total
2023-08-21	19063	1766245	1758973	1698799	4812	2152400			92969	2152400		66884	37079		140674	33636	3087443	7876	6040	1914852	45164	13514	1878128	433053	1433069	2126	12425	10551	30576	3297	7582	8097			1711989						115826	3340026	3614	4756	5512	54210	12180884	14437446	44278	6179217	4924829	12180887	218298	52748677	219677	10179574	141	5046		290	1270	49240	32995	1947	39997	42910	21188	1325	21739		1912	42861	16562	32616		28048	17934	20309	13701	217899	522	104230	275237	8636	220065	125222	112473		59409158	193975949	1533582	1533178	30447	1327214	19074		105565	429247		705961389	199	305	130	12834	47655	12340	137319849	6318	16462	16535	20576	7179	10788	8713										9886	567	1467	7895	9015	9436		2390	7970583	9534308	9836392	25107	2026880	43649	71337		17541	18303	198906	57618669	56123244	41846	6459	32835	47249341	111485	19852	46208	27139	24268	20047	64321		17856470	1192	1760	7574									1685272	726517	504137	314133	314990			4812	141021	2327813	10789	31767	115669075	32308	69387	1252528	2814	620221	1196	265075	10899	41848	327	364970	915052	200409	2838	15016	182	708505	156002713	269753606	227474	54991626	187862	5729614	47981666	55021439	200574	7527	4388	134328	1432	36115666	438111	25842951	270156	28835295	516882	33262326	27912918	25254598	25596291	25597327	25597092	438127	26894047	27251513	27255217	27249514	27252293	25843330	4276	26026	593209	48341	720705	66877211	72473309	287277970	60732887	935843	60001809	692119	173346179	2586	10019	65357	36462409	9500702	9705416	9705416	457687155	81736	280736305	232083	13235629	12070097	16001	6891	8130		339675	261219	51832253		248842690	453726	146	521868	11260	935	4002	1351	29745	33106	4439154396
2023-08-26	19063	1766245	1758973	1698799	4812	2155736	190514	250801	93531	2155736		66884	37079		140674	33636	3087443	7876	6040	1914852	45164	13514	1878128	433053	1433069	2126	12425	10551	30576	3297	7582	8097			1711989						115826	3340026	3614	4756	5512	54210	12180884	14437446	44278	6179217	4924829	12180887	218298	52748677	219677	10179574	141	5046		290	1270	49240	32995	1947	39997	42910	21188	1325	21739		1912	42861	16562	32616		28048	17934	20309	13701	217899	522	104230	275237	8636	220065	125222	112473		59409158	193975949	1533582	1533178	30447	1327214	19074		105565	429247		705961389	199	305	130	12834	47655	12340	137319849	6318	16462	16535	20576	7179	10788	8713										9886	567	1467	7895	9015	9436		2390	7970584	9534308	9836393	25107	2026870	43652	71710		17541	18307	198911	57608368	56341399	41847	6459	32835	47227565	111621	19852	46208	27136	24268	20047	64321		17856470	1192	1760	7574									1685272	726517	504137	314133	314990			4812	141021	2327813	10789	31767	115709345	32308	69387	1252528	2814	620221	1196	265075	10899	41848	327	364970	915052	200409	2838	15016	182	708505	165672001	269753606	227474	54991626	187862	5729614	47981666	55021439	200574	7527	4388	134328	1432	36115666	442301	25981878	270156	28909118	518161	33338432	27979942	25419636	25761339	25762365	25762133	445595	27067161	27424263	27428335	27422628	27425052	25999625	4276	26026	593209	48358	720705	66877211	72473309	287277970	60732887	935843	60001809	692119	173346179	2586	10019	65357	36462409	9500702	9705416	9705416	457687155	81736	280736305	232083	13235629	12070097	16001	6891	8130		339675	261219	51832253		248842690	453726	146	521868	11260	935	4002	1351	29745	33106	4451549241
2023-09-02	19063	1768283	1778569	1715917	4812	2165833	190962	251271	93758	2165833		66884	37079		141392	34314	3091832	8206	11766	1915138	47707	13954	1878362	433124	1439514	2126	12004	11110	33678	3448	8014	8178			1711989						115826	3340026	4019	4849	5671	54210	12180884	14437446	44278	6179217	4924829	12180887	218298	52748677	219677	10179574	141	5046		290	1270	49240	32995	1947	39997	42910	21188	1325	21739		1912	42861	16562	32616		28048	17934	20309	13701	217899	522	104230	275237	8636	220065	125222	112473		59409158	193975949	1533582	1533178	30447	1327214	19074		105565	429247		705961389	199	305	130	12836	47667	12341	137319849	6318	16674	16849	21567	7229	11043	9063										10712	574	1486	8352	9693	10380		2390	7970583	9534307	9836396	25107	2033833	43655	71710		17541	18315	198913	57949737	56461984	41847	6459	32835	47556780	111624	19852	46208	27134	24268	20047	64321		17854618	1192	1798	9075									1685211	726658	530587	339565	341431			4812	141021	2327813	10789	31767	115725703	32308	69387	1252527	2814	620221	1196	265075	12983	41848	327	400679	915052	200409	3335	15016	182	708505	165671803	269753606	227474	54991626	187862	5729614	47981666	55021439	201816	7528	4388	135188	1438	36115666	442684	26037407	270156	29054223	519221	33483536	28068551	25467339	25806898	25810068	25809836	445978	27118977	27484520	27498188	27474444	27487453	26055154	4276	26026	593209	48413	720705	66877211	72473309	287277970	60732887	935843	60001809	692119	173346179	2586	10019	65357	36462409	9500702	9705416	9705416	457687155	81736	280736305	232083	13235629	12070097	16001	6891	8130		339675	261219	51832253		248842690	453726	146	521868	11260	935	4002	1351	29745	33106	4453550234
2023-09-09	19063	1776024	1786373	1723591	4812	2174918	191456	251639	94210	2174918		66884	37079		141392	34314	3091832	8206	11766	1915138	47707	13954	1878362	433124	1439514	2126	12004	11110	33678	3448	8014	8178			1711989						115826	3340026	4019	4849	5671	54210	12180884	14437446	44278	6179217	4924829	12180887	218298	52748677	219677	10179574	141	5046		290	1270	49240	32995	1947	39997	42910	21188	1325	21739		1912	42861	16562	32616		28048	17934	20309	13701	217899	522	104230	275237	8636	220065	125222	112473		59409158	193975949	1533582	1533178	30447	1327214	19074		105565	429247		705961389	199	305	130	12836	47669	12341	137319849	6318	16674	16849	21567	7229	11043	9063										10712	574	1486	8352	9693	10380		2390	7970583	9534307	9836395	25107	2033844	43655	71711		17541	18316	198916	58096993	56611832	41847	6459	32835	47696907	111662	19852	46215	27129	24268	20047	64321		17853071	1192	1798	9075									1685211	726658	530587	339565	341431			4812	141021	2327813	10789	31767	115726765	32308	69387	1252527	2814	620221	1196	265075	12983	41848	327	400679	915052	200409	3335	15016	182	708505	165672662	269753606	227474	54991626	187862	5729614	47981666	55021439	201816	7528	4388	135188	1438	36115666	443694	26156614	270157	29319097	521315	33754122	28253861	25602162	25924573	25944891	25944659	446988	27296074	27614712	27691290	27651541	27635178	26174361	4276	26026	593209	48434	720705	66877211	72473309	287277970	60732887	935843	60001809	692119	173346179	2586	10019	65357	36462409	9500702	9705416	9705416	457687155	81736	280736305	232083	13235629	12070097	16001	6891	8130		339675	261219	51832253		248842690	453726	146	521868	11260	935	4002	1351	29745	33106	4456341276
2023-09-20	19063	1792774	1804077	1740096	4812	2190976	191977	252783	94599	2190976		66884	37079		141392	34314	3091832	8206	11766	1915138	47707	13954	1878362	433124	1439514	2126	12004	11110	33678	3448	8014	8178			1711989						115826	3340026	4019	4849	5671	54210	12180884	14437446	44278	6179217	4924829	12180887	218298	52748677	219677	10179574	141	5046		290	1270	49240	32995	1947	39997	42910	21188	1325	21739		1912	42861	16562	32616		28048	17934	20309	13701	217899	522	104230	275237	8636	220065	130011	111606		59409158	193975949	1533582	1533178	30455	1373272	20086		108097	434061		718937142	199	305	130	12836	47669	12341	137319849	6318	16674	16849	21567	7229	11043	9063										10712	574	1486	8352	9693	10380		2390	8810248	10306480	10742412	25107	2071617	43659	71705		17541	18319	198927	58222493	56723091	41847	6459	32835	47804767	111745	19852	46215	27126	24268	20047	64321		17854295	1192	1798	9075									1685211	726658	530587	339565	341431			4812	141021	2327813	10789	31767	115728177	32308	69387	1252527	2814	620221	1196	267131	12983	42184	327	400679	919326	202526	3335	15106	182	710946	165672665	269555074	227884	56393572	188029	5782354	49126684	56423426	201816	7528	4382	135188	1438	35862353	445129	26286636	270265	29505977	523893	33944452	28441025	25687310	26002845	26030039	26029807	448423	27383308	27695967	27781900	27738775	27723706	26312938	4276	26026	593209	48477	720705	66877211	72473309	287277970	60732887	935843	60001809	692119	173346179	2586	10009	65606	39736080	9437907	9647866	9647866	468454164	81869	285326140	230955	12808889	12058569	16106	7021	8144		348411	259168	45060776		252170925	454834	146	522976	11260	935	4002	1351	29745	33106	4347680958
2023-09-23	19063	1802570	1813893	1749764	4812	2197708	192428	253625	94707	2197708		66884	37079	37079	141392	34314	3091832	8206	11766	1915138	47707	13954	1878362	433124	1439514	2126	12004	11110	33678	3448	8014	8178			1711989						115826	3340026	4019	4849	5671	54210	12180884	14437446	44278	6179217	4924829	12180887	218298	52748677	219677	10179574	141	5046		290	1270	49240	32995	1947	39997	42910	21188	1325	21739		1912	42861	16562	32616		28048	17934	20309	13701	217899	522	104230	275237	8636	220065	130011	111606	111606	59409158	193975949	1533582	1533178	30455	1373272	20086		108097	434061		718937142	199	305	130	12836	47669	12341	137319849	6318	16674	16849	21567	7229	11043	9063	9063									10712	574	1486	8352	9693	10380	10380	2390	8810265	10305921	10728120	25107	2322833	43669	71717		17541	18322	201321	58396477	56906240	41846	6459	32835	47949539	111747	19852	46215	27124	24268	20047	64321		17855329	1192	1798	9075	4319	4337	4316	4298	1192	1798	7832	8040	1685211	726658	530587	339565	341431			4812	141021	2327813	10789	31767	115740113	32308	69387	1252527	2814	620221	1196	267131	12983	42184	327	400679	919326	202526	3335	15106	182	710946	166303167	269555074	227884	56393572	188029	5782354	49126684	56423426	201816	7528	4382	135188	1438	35862353	446720	26428614	270265	29629887	525928	34068968	28633713	25781984	26096060	26124713	26124481	450014	27481907	27788385	27880563	27837374	27817583	26454916	4276	26026	593209	48465	720705	66877211	72473309	287277970	60732887	935843	60001809	692119	173346179	2586	10009	65606	39736080	9437907	9647866	9647866	468454164	81869	285326140	230955	12808889	12058569	16106	7021	8144	8144	348411	259168	45060776		252170925	454834	146	522976	11260	935	4002	1351	29745	33106	4495342260
2023-09-30	19063	1817652	1828993	1764702	4812	2207790	192763	253966	94885	2207790		66884	37079	37079	141392	34314	3091832	8206	11766	1915138	47707	13954	1878362	433124	1439514	2126	12004	11110	33678	3448	8014	8178			1711989						115826	3340026	4019	4849	5671	54210	12180884	14437446	44278	6179217	4924829	12180887	218298	52748677	219677	10179574	141	5046		290	1270	49240	32995	1947	39997	42910	21188	1325	21739		1912	42861	16562	32616		28048	17934	20309	13701	217899	522	104230	275237	8636	220065	130011	111606	111606	59409158	193975949	1533582	1533178	30455	1373272	20086		108097	434061		718937142	199	305	130	12836	47669	12341	137319849	6318	16674	16849	21567	7229	11043	9063	9063									10712	574	1486	8352	9693	10380	10380	2390	8828667	10331725	10772512	25107	2795923	43671	71709		17541	18335	201350	58563975	56993120	41846	6464	32835	48113911	111959	19852	46215	27126	24268	20047	64321		17839066	1192	1798	9075	4319	4337	4316	4298	1192	1798	7832	8040	1685211	726658	530587	339565	341431			4812	141021	2327813	10789	31767	115749779	32308	69387	1252527	2814	620221	1196	267131	12983	42184	327	400679	919326	202526	3335	15106	182	710946	169386140	269555074	227884	56393572	188029	5782354	49126684	56423426	201816	7528	4382	135188	1438	35862353	451679	26946528	270265	29804049	528546	34260306	29011904	26050217	26387695	26392946	26392714	484722	27769396	28107436	28173600	28124863	28112112	26955462	4276	26026	593209	48543	720705	66877211	72473309	287277970	60732887	935843	60001809	692119	173346179	2586	10009	65606	39736080	9437907	9647866	9647866	468454164	81869	285326140	230955	12808889	12058569	16106	7021	8144	8144	348411	259168	45060776		252170925	454834	146	522976	11291	946	4003	1351	30063	33210	4503848375
2023-10-10	19063	1841329	1852679	1788219		2228151	193507	254617	95214	2228151		68557		38153	141392	34314	3091832	8206	11766	1915138	47707	13954	1878362	433124	1439514	2126	12004	11110	33678	3448	8014	8178			1711989						115826	3340026	4019	4849	5671	54210	12180884	14437446	44278	6179217	4924829	12180887	218298	52748677	219677	10179574	141	5046		290	1270	49240	32995	1947	39997	42910	21188	1325	21739		1912	42861	16562	32616		28048	17934	20309	13701	217899	522	104230	275237	8636	220065	130011		111606	59409158	193975949	1533582	1533178	30455	1373272	20086		108097	434061		718937142	199	305	130	12835	47669	12341	137319849	6318	16674	16849	21567	7229	11043		9063									10712	574	1486	8352	9693		10380	2390	8827223	10327118	10756236	25107	2795926	43673	71706		17541	18338	203675	58997388	57346678	41846	6464	32835	48481431	111966	19852	46220	27126	24268	2460780	2804840	7669110	18299774				4319	4337	4316	4298	1192	1798	7832	8040	1685211	726658	530587	339565	341431			4812	141021	2327813	10789	31767	115774604	32308	69387	1252527	2814	620221	1196	267131	12983	42184	327	400679	919326	202526	3335	15106	182	710946	216858058	269555074	227884	56393572	188029	5782354	49126684	56423426	201816	7528	4382	135188	1438	35862353	452021	26986675	270271	29898659	529758	34358950	29098319	26099112	26428512	26441841	26441609	485064	27821029	28150683	28225860	28176496	28162960	26995609	4276	26026	593209	48570	720705	66877211	72473309	287277970	60732887	935843	60001809	692119	173346179	2586	10009	65606	39736080	9437907	9647866	9647866	468454164	81869	285326140	230955	12808889	12058569	16106	7021		8144	348411	259168	45060776		252170925	454834	146	522976	11291	946	4003	1351	30063	33210	4566512632
2023-10-16	19063	1847624	1859079	1794414		2233331	193851	254897	96055	2233331		68557		38153	141392	34314	3091832	8206	11766	1915138	47707	13954	1878362	433124	1439514	2126	12004	11110	33678	3448	8014	8178			1711989						115826	3340026	4019	4849	5671	54210	12180884	14437446	44278	6179217	4924829	12180887	218298	52748677	219677	10179574	141	5046		290	1270	49240	32995	1947	39997	42910	21188	1325	21739		1912	42861	16562	32616		28048	17934	20309	13701	217899	522	104230	275237	8636	220065	129729		111606	59409158	193975949	1533582	1533178	30455	1373272	20086	1283	108097	434061	1275	718937142	199	305	130	12835	47703	12341	137319849	6318	16674	16849	21567	7229	11043		9063									10712	574	1486	8352	9693		10380	2390	8893374	10396075	10835017	25107	2795929	43698	71704		17541	18338	211608	59154183	57481146	41844	6464	32835	48608284	112038	19852	46220	27126	24268	2460780	2804840	7669110	18299774				4319	4337	4316	4298	1192	1798	7832	8040	1685211	726658	530587	339565	341431		1454	4812	141021	2327813	10789	31767	115200979	32308	69387	1252527	2814	620221	1196	267131	12983	42184	327	400679	919326	202526	3335	15106	182	710946	179007771	269555074	227884	56393572	188029	5782354	49126684	56423426	201816	7528	4382	135188	1438	35862353	452646	27014842	270271	30000181	532000	34462502	29199454	26117237	26440530	26459966	26459734	485689	27841680	28165180	28248904	28197147	28183208	27023779	4276	26026	593209	48583	720705	66877211	72473309	287277970	60732887	935843	60001809	692119	173346179	2586	10009	65606	39736080	9437907	9647866	9647866	468454164	81869	285326140	230955	12808889	12058569	16106	7021		8144	348411	259168	45060776		252170925	454834	146	522976	11291	946	4003	1352	30100	33205	4529294801
2023-10-23	19063	1861738	1873193	1808386		2247572	194252	255332	96345	2247572		68557		38153	141392	34314	3091832	8206	11766	1915138	47707	13954	1878362	433124	1439514	2126	12004	11110	33678	3448	8014	8178			1711989						115826	3340026	4019	4849	5671	54210	12180884	14437446	44278	6179217	4924829	12180887	218298	52748677	219677	10179574	141	5046		290	1270	49240	32995	1947	39997	42910	21188	1325		21739	1912	42861	16562	32616		28048	17934	20309	13701	217899	522	104230	275237	8660	220065	129729		111606	59409158	193975949	1533582	1533178	30455	1373272	20086	1283	108097	434061	1275	718937142	199	305	130	12835	47713	12341	137319849	6318	16674	16849	21567	7229	11043		9063	56593	24607	100105	55043	79656	7711	122136	391037	10712	574	1486	8352	9693		10380	2390	8986603	10503382	10952475	25107	2938755	43703		71696	17541	18342	211615	59191951	57506388	42520	6464	32835	48645542	112038	19852	46223	27127	26233	2460780	2804840	4800754	18299774				4319	4337	4316	4298	1192	1798	7832	8040	1685211	726658	530587	339565	341431		1454	4812	141021	2327813	10789	31767	115348330	32308	69387	1252527	2814	620221	1196	267131	12983	42184	327	400679	919326	202526	3335	15106	182	710946	179005345	269555074	227884	56393572	188029	5782354	49126684	56423426	201816	7528	4382	135188	1438	35862353	453085	27061050	270271	30092904	533478	34557648	29286887	26159950	26479751	26502679	26502447	486128	27887464	28206220	28296561	28242931	28226593	27069987	4276	26026	593209	48632	720705	66877211	72473309	287277970	60732887	935843	60001809	692119	173346179	2586	10009	65606	39736080	9437907	9647866	9647866	468454164	81869	285326140	230955	12808889	12058569	16106	7021		8144	348411	259168	45060776		252170925	454834	146	522976	11291	946	4003	1352	30100	33205	4528804974
2023-10-28	19063	1871569	1883028	1818086		2257764	194630	255794	96670	2257764		68557		38153	141392	34314	3091832	8206	11766	1915138	47707	13954	1878362	433124	1439514	2126	12004	11110	33678	3448	8014	8178			1711989						115826	3340026	4019	4849	5671	54210	12180884	14437446	44278	6179217	4924829	12180887	218298	52748677	219677	10179574	141	5046		290	1270	49240	32995	1947	39997	42910	21188	1325		21739	1912	42861	16562	32616		28048	17934	20309	13701	217899	522	104230	275237	8660	220065	129729		111606	59409158	193975949	1533582	1533178	30455	1373272	20086	1283	108097	434061	1275	718937142	199	305	130	12835	47713	12341	137319849	6318	16674	16849	21567	7229	11043		9063	56593	24606	100264	55043	79656	7711	122136	391037	10712	574	1486	8352	9693		10380	2390	8987554	10503564	10954026	25107	10899757	43706		71694	17541	18348	211616	59302999	57623245	42520	6464	32835	48749205	112107	19850	46225	27127	26233	2460780	2804840	4800754	18299774				4319	4337	4316	4298	1192	1798	7832	8040	1685211	726658	530587	339565	341431		1454	4812	141021	2327813	10789	31767	115371455	32308	69387	1252527	2814	620221	1196	267131	12983	42184	327	400679	919326	202526	3335	15106	182	710946	179005345	269555074	227884	56393572	188029	5782354	49126684	56423426	201816	7528	4382	135188	1438	35862353	457431	27286140	270271	30186822	534698	34653091	29376574	26397508	26735738	26740409	26740212	457447	28198069	28530220	28599279	28553708	28534680	27295074	4276	26026	593209	48650	720705	66877211	72473309	287277970	60732887	935843	60001809	692119	173346179	2586	10009	65606	39736080	9437907	9647866	9647866	468454164	81869	285326140	230955	12808889	12058569	16106	7021		8144	348411	259168	45060776		252170925	454834	146	522976	11291	946	4003	1352	30100	33205	4540405858
2023-11-04	19063	1882660	1894130	1828915		2273003	195161	256387	96945	2273003		68557		38153	141392	34314	3091832	8206	11766	1915138	47707	13954	1878362	433124	1439514	2126	12004	11110	33678	3448	8014	8178			1711989						115826	3340026	4019	4849	5671	54210	12180884	14437446	44278	6179217	4924829	12064337	218298	52748677	219677	10179574	141	5046		290	1270	49240	32995	1947	39997	42910	21188	1325		21739	1912	42861	16562	32616		28048	17934	20309	13701	217899	522	104230	275237	8660	220065	129729		111606	59409158	193975949	1533582	1533178	30455	1373272	20086	1283	108097	434061	1275	718937142	199	305	130	12835	47713	12341	137319849	6318	16674	16849	21567	7229	11043		9063	56591	24607	100345	55041	79654	7711	122136	391037	10712	574	1486	8352	9693		10380	2390	9060577	10583179	10990867	25107	16424994	43706		71696	17541	18358	211618	59526509	57839278	42520	6464	32835	48951465	112107	19850	46225	27125	26233	2460780	2804840	4800754	18299774				4319	4337	4316	4298	1192	1798	7832	8040	1685211	726658	530587	339565	341431		1454	4812	141021	2327813	10789	31767	115413603	32308	69387	1252527	2814	620221	1196	267131	12983	42184	327	400679	919326	202526	3335	15106	182	710946	179005362	269555074	227884	56393572	188029	5782354	49126684	56423426	201816	7528	4382	135188	1438	35862353	457963	27354771	270271	30305571	536288	34774776	29491821	26429207	26759907	26772108	26771911	457979	28232240	28555512	28636307	28587879	28566861	27363705	4276	26026	593209	48714	720705	66877211	72473309	287277970	60732887	935843	60001809	692119	173346179	2586	10009	65606	39736080	9437907	9647866	9647866	468454164	81869	285326140	230955	12808889	12058569	16106	7021		8144	348411	259168	45060776		252170925	454834	146	522976	11291	946	4003	1352	30100	33205	4547530749
2023-11-14	19063	1898652	1910130	1844657		2295360	195582	256670	97572	2295360		68557		38153	141392	34314	3091832	8206	11766	1915138	47707	13954	1878362	433124	1439514	2126	12004	11110	33678	3448	8014	8178			1711989						115826	3340026	4019	4849	5671	54210	12180884	14437446	44278	6179217	4924829	12180887	218298	52748677	219677	10179574	141	5046		290	1270	49240	32995	1947	39997	42910	21188	1325		21739	1912	42861	16562	32616		28048	17934	20309	13701	217899	522	104230	275237	8660	220065	129729		111606	59409158	193975949	1533582	1533178	30407	1402682	20191	1283	109057	435537	1275	718778680	199	305	130	12846	47739	12342	137319849	6318	16674	16849	21567	7229	11043		9063	56591	24607	100463	55041	79655	7711	122136	391037	10712	574	1486	8352	9693		10380	2390	9080089	10601378	11013125	25107	22501766	43706		71696	17541	18360	211621	59826690	58153914	42520	6464	32835	49176088	112107	19850	46225	27125	26233	2460780	2804840	4800754	18299774				4319	4337	4316	4298	1192	1798	7832	8040	1685211	726658	530587	339565	341431		1461	4812	141021	2327813	10789	31767	116109305	32308	69387	1252527	2814	620221	1196	267131	12983	42184	327	400679	919326	202526	3335	15106	182	710946	178800289	269555074	227884	56393572	188029	5782354	49126684	56423426	201816	7528	4387	135188	1438	36026464	458369	27426675	270271	30456545	537822	34928096	29604295	26475412	26804300	26818313	26818116	458385	28281465	28600445	28688057	28637104	28613841	27435609	4276	26026	593209	49068	720705	66877211	72473309	287277970	60732887	935843	60001809	692119	173346179	2586	10146	65606	39736080	9437437	9647434	9647434	466768100	81875	284374766	230955	13734202	12027805	16106	7021		8188	355933	259506	49539508		251702059	437326	151	505473	11291	946	4003	1352	30100	33205	4558472695
2023-11-18	19063	1906757	1918263	1852636		2303395	196015	257153	98690	2303395		68557		38153	141392	34314	3091832	8206	11766	1915138	47707	13954	1878362	433124	1439514	2126	12004	11110	33678	3448	8014	8178			1711989						115826	3340026	4019	4849	5671	54210	12180884	14437446	44278	6179217	4924829	12180887	218298	52748677	219677	10179574	141	5046		290	1270	49240	35219	1995	40970	43667	21167	1325		23383	1912	43615	16942	33774		28381	18954	20365	13701	217899	522	104230	275237	8660	220065	129729		111606	59409158	193975949	1533582	1533178	30407	1402682	20191	1283	109057	435537	1275	718778680	199	305	130	12846	47739	12342	137319849	6318	16674	16849	21567	7229	11043		9063	56591	24607	100519	55041	71423	7711	122136	391037	10712	574	1486	8352	9693		10380	2390	9089340	10609019	11021053	25107	32454666	43705		71696	17541	18381	211639	59932752	58256528	42518	6464	32835	49257512	112107	19850	46225	27126	26233	2460780	2804840	4800754	18299774				4319	4337	4316	4298	1192	1798	7832	8040	1685211	726658	530587	339565	341431		1461	4812	141021	2327813	10789	31767	116110272	32308	69387	1252527	2814	620221	1196	267131	12983	42184	327	400679	919326	202526	3335	15106	182	710946	178800334	267549861	227165	57852462	188790	5817042	50390902	57882313	201816	7528	4387	135188	1438	36026464	459792	27463744	270271	30536745	540242	35011644	29688668	26504476	26832872	26847377	26847180	459808	28311415	28629272	28718604	28667054	28643155	27472678	4276	26026	593209	49075	720705	66877211	72473309	287277970	60732887	935843	60001809	692119	173346179	2586	10146	65606	39736080	9437437	9647434	9647434	466768100	81875	284374766	230955	13734202	12027805	16106	7021		8188	355933	259506	49539508		251702059	437326	151	505473	11468	951	4014	1361	29837	33519	4571588684
2023-11-27	19063	1906757	1918263	1852636		2303395	196587	257770	98690	2303395		68557		38153	141392	34314	3091832	8206	11766	1915138	47707	13954	1878362	433124	1439514	2126	12004	11110	33678	3448	8014	8178			1711989						115826	3340026	4019	4849	5671	54210	12180884	14437446	44278	6179217	4503879	12180887	218298	0	219677	10179574	141	5046		290	1270	49240	35219	1995	40970	43667	21167	1325		23383	1912	43615	16942	33774		28381	18954	20365	13701	217899	522	104230	275237	8660	220065	129729		111606	59409158	193975949	1533582	1533178	30407	1402682	20191	1283	109057	435537	1275	718778680	199	305	130	12853	47785	12345	137319849	6318	16674	16849	21567	7229	11043		9063	56590	24607	100568	55041	79654	7723	122475	391915	10712	574	1486	8352	9693		10380	2390	9166278	10684938	11101841	25107	50230587	43728		71696	17541	18383	211671	60014779	58384699	42518	6464	32835	49333660	112107	19850	46225	27127	26233	2460780	2804840	4800754	18299774				4319	4337	4316	4298	1192	1798	7832	8040	1685211	726658	530587	339565	341431		1461	4812	141021	2327813	10789	31767	116111622	32308	69387	1252527	2814	620221	1196	267131	12983	42184	327	400679	919326	202526	3335	15106	182	710946	179949941	267549861	227165	57852462	188790	5817042	50390902	57882313	201816	7528	4387	135188	1438	36026464	464221	27691022	270279	30644195	542748	35120880	29829587	26800643	27135732	27143544	27143358	464237	28593261	28916090	28966143	28948900	28923793	27699956	4276	26026	593209	49104	720705	66877211	72473309	287277970	60732887	935843	60001809	692119	173346179	2586	10146	65606	39736080	9437437	9647434	9647434	466768100	81875	284374766	230955	13734202	12027805	16106	7021		8188	355933	259506	49539508		251702059	437326	151	505473	11468	951	4014	1361	29837	33519	4541270358
2023-12-04	19063	1924605	1936253	1869243		2324769	196884	257946	100103	2324769		68557		38153	141392	34314	3091832	8206	11766	1915138	47707	13954	1878362	433124	1439514	2126	12004	11110	33678	3448	8014	8178			1711989						115826	3340026	4019	4849	5671	54210	12180884	14437446	44278	6179217	4924829	12180887	218298	52748677	219677	10179574	141	5046		290	1270	49240	35219	1995	40970	43667	21167	1325		23383	1912	43615	16942	33774		28381	18954	20365	13701	217899	522	104230	275237	8660	220065	129729		111606	59409158	193975949	1533582	1533178	30407	1402682	20191	1283	109057	435537	1275	718778680	199	305	130	12853	47785	12345	137319849	6318	16674	16849	21567	7229	11043		9063	56590	24607	100637	55041	79466	7723	122501	392060	10712	574	1486	8352	9693		10380	2390	9401534	10957535	11411226	25107	50230587	43742		71696	17541	18387	211687	59978063	58384950	42518	6464	32835	49294065	112107	19850	46225	27127	26233	2460780	2804840	4800754	18299774				4319	4337	4316	4298	1192	1798	7832	8040	1685211	726658	530587	339565	341431		1461	4812	141021	2327813	10789	31767	116111622	32308	69387	1252527	2814	620221	1196	267131	12983	42184	327	400679	919326	202526	3335	15106	182	710946	179949941	267549861	227165	57852462	188790	5817042	50390902	57882313	201816	7528	4387	135188	1438	36026464	464221	27691022	270279	30644195	542748	35120880	29829587	26800643	27135732	27143544	27143358	464237	28593261	28916090	28966143	28948900	28923793	27699956	4276	26026	593209	49106	720705	66877211	72473309	287277970	60732887	935843	60001809	692119	173346179	2586	10146	65606	39736080	9437437	9647434	9647434	466768100	81875	284374766	230955	13734202	12027805	16106	7021		8188	355933	259506	49539508		251702059	437326	151	505473	11468	951	4014	1361	29837	33519	4595278330
2023-12-11	19063	1931425	1943066	1875870		2359519	197486	258531	100433	2359519		68557		38153	141392	34314	3091832	8206	11766	1915138	47707	13954	1878362	433124	1439514	2126	12004	11110	33678	3448	8014	8178			1711989						115826	3340026	4019	4849	5671	54210	12180884	14437446	44278	6179217	4924829	12180887	218298	52748677	219677	10179574	141	5046		290	1270	49240	35219	1995	40970	43667	21167	1325		23383	1912	43615	16942	33774		28381	18954	20365	13701	217899	522	104230	275237	8660	220065	129729		111606	59409158	193975949	1533582	1533178	30407	1402682	20191	1283	109057	435537	1275	718778680	199	305	130	12885	47826	12345	137319849	6318	16674	16849	21567	7229	11043		9063	56590	24607	100681	55041	79466	7723	122501	392060	10712	574	1486	8352	9693		10380	2390	9401535	10957535	11411226	25107	59267218	43742		71696	17541	18390	211691	59902828	58545286	42518	6464	32835	49172030	112107	19850	46225	27132	26233	2460780	2804840	4800754	18299774				4319	4337	4316	4298	1192	1798	7832	8040	1685211	726658	530587	339565	341431		1461	4812	141021	2327813	10789	31767	116069142	32308	69387	1252527	2814	620221	1196	267131	12983	42184	327	400679	919326	202526	3335	15106	182	710946	179950006	267549861	227165	57852462	188790	5817042	50390902	57882313	201816	7528	4387	135188	1438	36026464	465022	27780237	270279	30842754	545391	35331467	30086390	26890778	27211369	27233679	27233493	465038	28691217	28992466	29065822	29046856	29015366	27789171	4276	26026	593209	49088	720705	66877211	72473309	287277970	60732887	935843	60001809	692119	173346179	2586	10146	65606	39736080	9437437	9647434	9647434	466768100	81875	284374766	230955	13734202	12027805	16106	7021		8188	355933	259506	49539508		251702059	437326	151	505473	11468	951	4014	1361	29837	33519	4605985207
2023-12-16	19063	1945629	1957294	1889897		2381354	197910	259137	100626	2381354		68557		38153	141392	34314	3091832	8206	11766	1915138	47707	13954	1878362	433124	1439514	2126	12004	11110	33678	3448	8014	8178			1711989						115826	3340026	4019	4849	5671	54210	12180884	14437446	44278	6179217	4924829	12180887	218298	52748677	219677	10179574	141	5046		290	1270	49240	35219	1995	40970	43667	21167	1325		23383	1912	43615	16942	33774		28381	18954	20365	13701	217899	522	104230	275237	8660	220065	129729		111606	59409158	193975949	1533582	1533178	30407	1402682	20191	1283	109057	435537	1275	718778680	199	305	130	12890	47841	12345	137319849	6318	16674	16849	21567	7229	11043		9063	56590	24607	100770	55041	79466	7724	122809	393496	10712	574	1486	8352	9693		10380	2390	9485712	11058301	11567584	25107	68314687	43739		71696	17541	18398	211693	60108727	58752275	42517	6464	32835	49342670	112107	19850	46225	27131	26233	2460780	2804840	4800754	18299774				4319	4337	4316	4298	1192	1798	7832	8040	1685211	726658	530587	339565	341431		1461	4812	141021	2327813	10789	31767	116072087	32308	69387	1252527	2814	620221	1196	264859	12983	40546	332	400679	861452	198020	3335	14362	185	665149	179950008	267549861	227165	57852462	188790	5817042	50390902	57882313	201816	7528	4387	135188	1438	36026464	465654	27808778	270359	30935643	547096	35427306	30173279	26934437	27243277	27277338	27277152	465670	28736336	29024695	29111866	29091975	29059787	27817712	4276	26026	593209	49092	720705	66877211	72473309	287277970	60732887	935843	60001809	692119	173346179	2586	10146	65606	39736080	9437437	9647434	9647434	466768100	81875	284374766	230955	13734202	12027805	16106	7021		8188	355933	259506	49539508		251702059	437326	151	505473	11468	951	4014	1361	29837	33519	4616648409
2023-12-23	19063	1978955	1974704	1907175		2400240	198341	259732	100932	2400240		68557		38153	141392	34314	3091832	8206	11766	1915138	47707	13954	1878362	433124	1439514	2126	12004	11110	33678	3448	8014	8178			1711989						115826	3340026	4019	4849	5671	54210	12180884	14437446	44278	6179217	4924829	12180887	218298	52748677	219677	10179574	141	5046		290	1270	49240	35219	1995	40970	43667	21167	1325		23383	1912	43615	16942	33774		28381	18954	20365	13701	217899	522	104230	275237	8660	220065	129729		111606	59409158	193975949	1533582	1533178	30407	1402682	20191	1283	109057	435537	1275	718778680	199	305	130	12896	47881	12345	137319849	6318	16674	16849	21567	7229	11043		9063	56590	24607	100839	55041	79466	7726	122846	393676	10712	574	1486	8352	9693		10380	2390	9483591	11050619	11556151	25107	77082572	43773		71696	17541	18404	211695	60300956	58967151	42516	6464	32835	49469530	112107	19850	46225	27132	26233	2460780	2804840	4800754	18299774				4319	4337	4316	4298	1192	1798	7832	8040	1685211	726658	530587	339565	341431		1461	4812	141021	2327813	10789	31767	116110122	32308	69387	1252527	2814	620221	1196	264859	12983	40546	332	400679	861452	198020	3335	14362	185	665149	179950008	267549861	227165	57852462	188790	5817042	50390902	57882313	201816	7528	4387	135188	1438	36026464	466119	27856390	270359	31020050	548219	35512895	30252693	26974495	27280212	27317396	27317210	466135	28778904	29061897	29156098	29134543	29100629	27865324	4276	26026	593209	49132	720705	66877211	72473309	287277970	60732887	935843	60001809	692119	173346179	2586	10146	65606	39736080	9437437	9647434	9647434	466768100	81875	284374766	230955	13734202	12027805	16106	7021		8188	355933	259506	49539508		251702059	437326	151	505473	11471	951	4013	1361	29837	33518	4626785801
2023-12-30	19063	1989580	1984072	1916377		2410970	198656	259987	101117	2410970		68557		38153	141392	34314	3091832	8206	11766	1915138	47707	13954	1878362	433124	1439514	2126	12004	11110	33678	3448	8014	8178			1711989						115826	3340026	4019	4849	5671	54210	12180884	14437446	44278	6179217	4924829	12180887	218298	52748677	219677	10179574	141	5046		290	1270	49240	35219	1995	40970	43667	21167	1325		23383	1912	43615	16942	33774		28381	18954	20365	13701	217899	522	104230	275237	8660	220065	129729		111606	59409158	193975949	1533582	1533178	30407	1402682	20191	1283	109057	435537	1275	718778680	199	305	130	12896	47886	12345	137319849	6318	16674	16849	21567	7229	11043		9063	56590	24607	100920	55041	79465	7726	122848	393685	10712	574	1486	8352	9693		10380	2390	9483561	11050619	11556119	25078	85487668	43773		71696	17541	18410	211699	60665296	59361685	42516	6464	32835	49723430	112107	19850	46225	27134	26233	2460780	2804840	4800754	18299774				4319	4337	4316	4298	1192	1798	7832	8040	1685211	726658	530587	339565	341431		1461	4812	141021	2327813	10789	31767	116110427	32308	69387	1252527	2814	620221	1196	264859	12983	40546	332	400679	861452	198020	3335	14362	185	665149	179950008	267549861	227165	57852462	188790	5817042	50390902	57882313	201816	7528	4387	135188	1438	36026464	470711	28283897	329045	31120557	550005	35615159	30437562	27297751	27636085	27640654	27640473	474078	29102112	29426498	29476791	29457753	29431038	28306235	4276	26026	593209	49166	720705	66877211	72473309	287277970	60732887	935843	60001809	692119	173346179	2586	10146	65606	39736080	9437437	9647434	9647434	466768100	81875	284374766	230955	13734202	12027805	16106	7021		8188	355933	259506	49539508		251702059	437326	151	505473	11471	951	4013	1361	29837	33518	4640572273
2024-01-06	19063	2003442	1997918	1929712		2441819	199634	260578	101333	2441819		68557		38153	141392	34314	3091832	8206	11766	1915138	47707	13954	1878362	433124	1439514	2126	12004	11110	33678	3448	8014	8178			1711989						115826	3340026	4019	4849	5671	54210	12180884	14437446	44278	6179217	4924829	12180887	218298	52748677	219677	10179574	141	5046		290	1270	49240	35219	1995	40970	43667	21167	1325		23383	1912	43615	16942	33774		28381	18954	20365	13701	217899	522	104230	275237	8660	220065	129729		111606	59409158	193975949	1533582	1533178	30407	1402682	20191	1283	109057	435537	1275	718778680	199	305	130	12896	47886	12345	137319849	6318	16674	16849	21567	7229	11043		9063	56590	24607	100994	55041	79465	7727	122855	393800	10712	574	1486	8352	9693		10380	2390	9501433	11074957	11581579	25078	89652984	43773		71696	17541	18412	211701	60744557	59440601	42516	6464	32835	49773087	112107	19850	46228	27134	26233	2460780	2804840	4800754	18299774				4319	4337	4316	4298	1192	1798	7832	8040	1685211	726658	530587	339565	341431		1461	4812	141021	2327813	10789	31767	116112134	32308	69387	1252527	2814	620221	1196	264859	12983	40546	332	400679	861452	198020	3335	14362	185	665149	179950008	267549861	227165	57852462	188790	5817042	50390902	57882313	201816	7528	4387	135188	1438	36026464	470936	28310278	329045	31194792	551578	35694120	30501536	27328875	27660234	27671778	27671597	474303	29135880	29451030	29515727	29491521	29463585	28332616	4276	26026	593209	49176	720705	66877211	72473309	287277970	60732887	935843	60001809	692119	173346179	2586	10146	65606	39736080	9437437	9647434	9647434	466768100	81875	284374766	230955	13734202	12027805	16106	7021		8188	355933	259506	49539508		251702059	437326	151	505473	11471	951	4013	1361	29837	33518	4645672567
2024-01-13	19063	2015882	2010343	1941628		2460063	199849	260780	101985	2460063		68557		38153	141392	34314	3091832	8206	11766	1915138	47707	13954	1878362	433124	1439514	2126	12004	11110	33678	3448	8014	8178			1711989						115826	3340026	4019	4849	5671	55589	12180884	14807292	44278	10441909	4924829	12180887	229689	58134037	219677	14457335	141	5046		290	1270	49240	35219	1995	40970	43667	21167	1325		23383	1912	43615	16942	33774		28381	18954	20365	13701	217899	522	104230	275237	8660	220065	129693		112424	59409158	193975949	1533582	1533178	30407	1402682	20191	1283	109057	435537	1275	718778680	199	305	130	12896	47886	12345	137319849	6318	16674	16849	21567	7229	11043		9063	56590	24607	101041	55041	79465	7729	122873	393875	10712	574	1486	8352	9693		10380	2390	9501432	11074956	11581578	25078	89761563	43773		71691	17541	18416	211702	60799554	59505889	42516	6464	32835	49813830	112107	19850	46228	27133	26233	2460780	2804840	4800754	18299774				4319	4337	4316	4298	1192	1798	7832	8040	1685211	726658	530587	339565	341431		1461	4812	141021	2327813	10789	31767	116123146	32308	69387	1252527	2814	620221	1196	264859	12983	40546	332	400679	861452	198020	3335	14362	185	665149	179950008	267549861	227165	57852462	188790	5817042	50390902	57882313	201816	7528	4387	135188	1438	36026464	471606	28336237	329045	31280195	553418	35780851	30576968	27361366	27685669	27704269	27704088	474973	29170121	29477337	29550412	29525762	29496100	28358575	4276	26026	593209	49176	720705	66877211	72473309	287277970	60732887	935843	60001809	692119	173346179	2586	10146	65606	39736080	9437437	9647434	9647434	466768100	81875	284374766	230955	13734202	12027805	16106	7021		8188	355933	259506	49539508		251702059	437326	151	505473	11471	951	4013	1361	29837	33518	4660924434
2024-01-20	19063	2037586	2032046	1963099		2484425	200463	261424	102551	2484425		68557		38153	141392	34314	3091832	8206	11766	1915138	47707	13954	1878362	433124	1439514	2126	12004	11110	33678	3448	8014	8178			1711989						115826	3340026	4019	4849	5671	55589	12180884	14807292	44278	10441909	4924829	12180887	229689	58134037	219677	14457335	141	5046		290	1270	49240	35219	1995	40970	43667	21167	1325		23383	1912	43615	16942	33774		28381	18954	20365	13701	217899	522	104230	275237	8659	220065	129765		112440	59409158	193975949	1533582	1533178	30407	1402682	20191	1283	109057	435537	1275	718778680	199	305	130	12896	47931	12345	137319849	6318	16674	16849	21567	7229	11043		9063	56588	24607	101132	55041	79465	7736	122892	394027	10712	574	1486	8352	9693		10380	2390	9501516	11074948	11581557	25078	90758182	43773		71691	17541	18424	211705	61006046	59754549	42516	6464	32835	50006853	112107	19850	46229	27132	26233	2460780	2804840	4800754	18299774				4319	4337	4316	4298	1192	1798	7832	8040	1685211	726658	530587	339565	341431		1461	4812	141021	2327813	10789	31767	116125060	32308	69387	1252527	2814	620221	1196	264859	12983	40546	332	400679	861452	198020	3335	14362	185	665149	179953801	267506896	227296	59313578	188971	5815771	51648876	59343570	201816	7528	4387	135188	1438	36026464	471985	28363505	329045	31466398	554936	35968624	30647702	27407218	27711078	27750121	27749940	475352	29262799	29512814	29646305	29618440	29544011	28385843	4276	26026	593209	49189	386593	66877211	72473309	287277970	60732887	935843	60001809	692119	173346179	2586	10146	65606	39736080	9437437	9647434	9647434	466768100	81875	284374766	230955	13734202	12027805	16106	7021		8188	355933	259506	49539508		251702059	437326	151	505473	11471	951	4013	1361	29837	33518	4667522274
2024-01-31	19063	2065482	2059942	1990510		2503589	200980	261919	102823	2503589		68557		38153	141392	34314	3091832	8206	11766	1915138	47707	13954	1878362	433124	1439514	2126	12004	11110	33678	3448	8014	8178			1711989						115826	3340026	4019	4849	5671	55589	12180884	14807292	44278	10441909	4924829	12180887	229689	58134037	219677	14457335	141	5046		290	1270	49240	35219	1995	40970	43667	21167	1325		23383	1912	43615	16942	33774		28381	18954	20365	13701	217899	522	104230	275237	8659	220065	129765		112440	59409158	193975949	1533582	1533178	30322	1432699	20196	1283	110007	438461	1275	714939889	199	305	130	12897	47932	12346	137319849	6318	16674	16849	21567	7229	11043		9063	56586	24607	101187	55041	79465	7736	122892	394027	10712	574	1486	8352	9693		10380	2390	9501515	11074948	11581557	25078	91012358	43776		71691	17541	18431	211708	61180175	59903092	42516	6464	32835	50183115	112107	19850	46229	27132	26233	2460780	2804840	4800754	18299774				4319	4337	4316	4298	1192	1798	7832	8040	1685211	726658	530587	339565	341431		1468	4812	141021	2327813	10789	31767	116176106	32308	69387	1252527	2814	620221	1196	264859	12983	40546	332	400679	861452	198020	3335	14362	185	665149	179953852	267506896	227296	59313578	188971	5815771	51648876	59343570	206037	7598	4404	138072	1480	41696785	477979	28659975	329046	31626686	556757	36133449	30782790	27668637	28010244	28011540	28011359	477996	29525447	29814616	29903037	29881088	29815867	28669155	4276	26026	593209	49222	386593	66877211	72473309	287277970	60732887	935843	60001809	692119	173346179	2586	10144	65716	39722925	9485703	9698491	9698491	460768411	81669	269090101	230595	13495812	11889541	16188	7077		8177	363955	260444	48658238		250322721	450857	153	515802	11471	951	4013	1361	29837	33518	4650059631
2024-02-02	19063	2065482	2059942	1990510		2507713	201472	262314	102823	2503589		70983		39474	141392	34314	3091832	8206	11766	1915138	47707	13954	1878362	433124	1439514	2126	12004	11110	33678	3448	8014	8178			1711989						115826	3340026	4019	4849	5671	55589	12180884	14807292	44278	10441909	4924829	12180887	229689	58134037	219677	14457335	141	5046		290	1270	49240	35219	1995	40970	43667	21167	1325		23383	1912	43615	16942	33774		28381	18954	20365	13701	217899	522	104230	275237	8659	220065	129765		112440	59409158	193975949	1533582	1533178	30322	1432699	20196	1283	110007	438461	1275	714939889	199	305	130	12897	47932	12346	137319849	6318	16674	16849	21567	7229	11043		9063	56585	24607	101235	55041	79465	7736	122892	394027	10712	574	1486	8352	9693		10380	2390	9501515	11074948	11581570	25078	90975482	43776		71691	17541	18436	211712	61415520	60083570	42516	6464	32835	50423187	112107	19850	46229	27132	26233	2460780	2804840	4800754	18299774				4319	4337	4316	4298	1192	1798	7832	8040	1685211	726658	530587	339565	341431		1468	4812	141021	2327813	10789	31767	116176106	32308	69387	1252527	2814	620221	1196	264859	12983	40546	332	400679	861452	198020	3335	14362	185	665149	178269968	267506896	227296	59313578	188971	5815771	51648876	59343570	206037	7598	4404	138072	1480	41696785	477979	28659975	329046	31626686	556757	36133449	30782790	27668637	28010244	28011540	28011359	477996	29525447	29814616	29903037	29881088	29815867	28669155	4276	26026	593209	49223	386593	66877211	72473309	287277970	60732887	935843	60001809	692119	173346179	2586	10144	65716	39722925	9485703	9698491	9698491	460768411	81669	269090101	230595	13495812	11889541	16188	7077		8177	363955	260444	48658238		250322721	450857	153	515802	11471	951	4013	1361	29837	33518	4649003594
2024-02-13	19063	2077883	2072340	2002326		2515326	201852	262617	103278	17873523	8779234	70983		39474	141392	34314	3091832	8206	11766	1915138	47707	13954	1878362	433124	1439514	2126	12004	11110	33678	3448	8014	8178			1711989						115826	3340026	4019	4849	5671	55589	12180884	14807292	44278	10441909	4924829	12180887	229689	58134037	219677	14457335	141	5046		290	1270	49240	35219	1995	40970	43667	21167	1325		23383	1912	43615	16942	33774		28381	18954	20365	13701	217899	522	104230	275237	8655	220065	129435		112440	59409158	193975949	1533582	1533178	30322	1432699	20196	1283	110007	438461	1275	714939889	199	305	130	12898	47932	12347	137319849	6318	16674	16849	21567	7229	11043		9063	56433	24607	101644	55041	79392	7736	122892	394027	10712	574	1486	8352	9693		10380	2390	9501503	11074776	11581370	25078	91751151	43776		71691	17541	18448	211745	61759100	60373336	42516	6464	32835	50768327	112107	19850	46229	27132	26233	2460780	2804840	4800754	18299774				4319	4337	4316	4298	1192	1798	7832	8040	1685211	726658	530587	339565	341431		1468	4812	141021	2327813	10789	31767	117089307	32308	69387	1252527	2814	620221	1196	264859	12983	40546	332	400679	861452	198020	3335	14362	185	665149	176309170	267506896	227296	59313578	188971	5815771	51648876	59343570	206037	7598	4404	138072	1480	41696785	478917	28717288	329046	31834306	559853	36349501	31025198	27743394	28068705	28086297	28086116	478934	29612219	29877192	29995881	29967860	29895132	28726556	4276	26026	593209	49233	386593	66877211	72473309	287277970	60732887	935843	60001809	692119	173346179	2586	10144	65716	39722925	9485703	9698491	9698491	460768411	81669	269090101	230595	13495812	11889541	16188	7077		8177	363955	260444	48658238		250322721	450857	153	515802	11471	951	4013	1361	29837	33518	4675380936
2024-02-17	19063	2087902	2082358	2011639		2517973	202271	263351	103630	17906801	8791256	70983		39474	141392	34314	3091832	8206	11766	1915138	47707	13954	1878362	433124	1439514	2126	12004	11110	33678	3448	8014	8178			1711989						115826	3340026	4019	4849	5671	55589	12180884	14807292	44278	10441909	4924829	12180887	229689	58134037	219677	14457335	141	5046		290	1270	49240	35219	1995	40970	43667	21167	1325		23383	1912	43615	16942	33774		28381	18954	20365	13701	217899	522	104230	275237	8655	220065	129435		112440	59409158	193975949	1533582	1533178	30322	1432699	20196	1283	110007	438461	1275	714939889	199	305	130	12899	47932	12347	137319849	6318	16674	16849	21567	7229	11043		9063	56432	24607	101696	55041	79392	7745	122960	394368	10712	574	1486	8352	9693		10380	2390	9497855	11066403	11566222	25078	91886213	43775		71692	17541	18451	211758	61861788	60483510	42516	6464	32835	50845169	112107	19850	46228	27132	26233	2460780	2804840	4800754	18299774				4319	4337	4316	4298	1192	1798	7832	8040	1685211	726658	530587	339565	341431		1468	4812	141021	2327813	10789	31767	117092787	32308	69387	1252527	2814	620221	1196	264859	12983	40546	332	400679	861452	198020	3335	14362	185	665149	176309170	267506896	227296	59313578	188971	5815771	51648876	59343570	206037	7598	4404	138072	1480	41696785	479157	28744088	329046	31889777	560891	36410211	31088541	27763274	28085344	28106177	28105996	479174	29632797	29893957	30018558	29988438	29915173	28753396	4276	26026	593209	49248	386593	66877211	72473309	287277970	60732887	935843	60001809	692119	173346179	2586	10144	65716	39722925	9485703	9698491	9698491	460768411	81669	269090101	230595	13495812	11889541	16188	7077		8177	363955	260444	48658238		250322721	450857	153	515802	11471	951	4013	1361	29837	33518	4676272915
2024-02-26	19063	2094127	2088446	2017607		2521844	202672	263705	103763	17952362	8807808	70983		39474	141392	34314	3091832	8206	11766	1915138	47707	13954	1878362	433124	1439514	2126	12004	11110	33678	3448	8014	8178			1711989						115826	3340026	4019	4849	5671	55589	12180884	14807292	44278	10441909	4924829	12180887	229689	58134037	219677	14457335	141	5046		290	1270	49240	35219	1995	40970	43667	21167	1325		23383	1912	43615	16942	33774		28381	18954	20365	13701	217899	522	104230	275237	8655	220065	129435		112440	59409158	193975949	1533582	1533178	30322	1432699	20196	1283	110007	438461	1275	714939889	199	305	130	12899	47936	12347	137319849	6318	16674	16849	21567	7229	11043		9063	56432	24607	101732	55041	79211	7745	122960	394368	10712	574	1486	8352	9693		10380	2390	9497854	11066403	11566221	25078	92423563	43774		71692	17541	18455	211754	62007214	60628287	42516	6464	32835	50962160	112108	19850	46228	27132	26233	2460780	2804840	4800754	18299774				4319	4337	4316	4298	1192	1798	7832	8040	1685211	726658	530587	339565	341431		1468	4812	141021	2327813	10789	31767	117093625	32308	69387	1252527	2814	620221	1196	264859	12983	40546	332	400679	861452	198020	3335	14362	185	665149	176309170	267506896	227296	59313578	188971	5815771	51648876	59343570	206037	7598	4404	138072	1480	41696785	483105	29009135	329051	31980283	562349	36504635	31169353	27997347	28325974	28340250	28340082	486487	29864706	30141356	30244516	30220347	30155469	29045235	4276	26026	593209	49367	386593	66877211	72473309	287277970	60732887	935843	60001809	692119	173346179	2585	10144	65716	39722925	9485703	9698491	9698491	460768411	81669	269090101	230595	13495812	11889541	16188	7077		8177	363955	260444	48658238		250322721	450857	153	515802	11471	951	4013	1361	29837	33518	4680259110
2024-03-02	19063	2104311	2098630	2027494		2523223	202830	263943	103849	17981869	8829240	70983		39474	141392	34314	3091832	8206	11766	1915138	47707	13954	1878362	433124	1439514	2126	12004	11110	33678	3448	8014	8178			1711989						115826	3340026	4019	4849	5671	55589	12180884	14807292	44278	10441909	4924829	12180887	229689	58134037	219677	14457335	141	5046		290	1270	49240	35219	1995	40970	43667	21167	1325		23383	1912	43615	16942	33774		28381	18954	20365	13701	217899	522	104230	275237	8655	220065	129435		112440	59409158	193975949	1533582	1533178	30322	1432699	20196	1283	110007	438461	1275	714939889	199	305	130	12899	47936	12347	137319849	6318	16674	16849	21567	7229	11043		9063	56432	24607	107502	55041	79210	7745	122960	394368	10712	574	1486	8352	9693		10380	2390	9493769	11057462	11537802	25078	92607912	43774		71691	17541	18459	211757	62382249	61028484	42517	6464	32835	51231571	112108	19850	46202	27133	26233	2460780	2804840	4800754	18299774				4319	4337	4316	4298	1192	1798	7832	8040	1685211	726658	530587	339565	341431		1468	4812	141021	2327813	10789	31767	117473492	32308	69387	1252527	2814	620221	1196	264859	12983	40546	332	400679	861452	198020	3335	14362	185	665149	176309170	267506896	227296	59313578	188971	5815771	51648876	59343570	206037	7598	4404	138072	1480	41696785	483605	29054850	329051	32087882	564131	36632164	31320101	28039246	28363109	28382149	28381981	486987	29908733	30178750	30289937	30264374	30198509	29090950	4276	26026	593209	49362	401823	66877211	72473309	287277970	60732887	935843	60001809	692119	173346179	2585	10144	65716	39722925	9485703	9698491	9698491	460768411	81669	269090101	230595	13495812	11889541	16188	7077		8177	363955	260444	48658238		250322721	450857	153	515802	11471	951	4013	1361	29837	33518	4682787384
2024-03-11	19063	2110682	2105001	2033748		2523223	202830	263943	103849	17996712	8857336	70983		39474	141392	34314	3091832	8206	11766	1915138	47707	13954	1878362	433124	1439514	2126	12004	11110	33678	3448	8014	8178			1711989						115826	3340026	4019	4849	5671	55589	12969337	15910019	47792	14749031	5546630	12969340	229689	55211171	241612	40165483	141	5046		290	1270	49240	35219	1995	40970	43667	21167	1325		23383	1912	43615	16942	33774		28381	18954	20365	13701	217899	522	104230	275237	8681	220065	130505		112438	59409158	193975949	1533582	1533178	30322	1432699	20196	1283	110007	438461	1275	714939889	199	305	130	12909	47956	12348	137319849	6318	16674	16849	21567	7229	11043		9063	56432	24607	107544	55041	79209	7765	123091	394930	10712	574	1486	8352	9693		10380	2390	9492762	11054853	11537576	25078	93517072	43777		71690	17541	18471	211754	62602587	61202750	42517	6464	32835	51420218	112111	19850	46201	27133	26233	2460780	2804840	4800754	18299774				4319	4337	4316	4298	1192	1798	7832	8040	1685211	726658	530587	339565	341431		1468	4965	174843	2372556	10789	69203	117496905	33861	69387	1253395	2877	623594	1267	264859	12983	40546	332	400679	861452	198020	3335	14362	185	665149	176309170	267506896	227296	59313578	188971	5815771	51648876	59343570	206037	7598	4404	138072	1480	41696785	484051	29079534	329051	32169743	565656	36734020	31394126	28062421	28385201	28405324	28405156	487433	29934588	30200964	30318665	30290229	30221806	29115634	4276	26026	593209	49556	401823	66877211	72473309	287277970	60732887	935843	60001809	692119	173346179	2585	10144	65716	39722925	9485703	9698491	9698491	460768411	81669	269090101	230595	13495812	11889541	16188	7077		8177	363955	260444	48658238		250322721	450857	153	515802	11471	951	4013	1361	29837	33518	4715431849
2024-03-16	19063	2122240	2116558	2045014		2539054	204239	395618	104523	18122886	8876922	70983		39474	141392	34314	3091832	8206	11766	1915138	47707	13954	1878362	433124	1439514	2126	12004	11110	33678	3448	8014	8178			1711989						115826	3340026	4019	4849	5671	55589	12969337	15910019	47792	14749031	5546630	12969340	229689	55211171	241612	40165483	141	5046		290	1270	49240	35219	1995	40970	43667	21167	1325		23383	1912	43615	16942	33774		28381	18954	20365	13701	217899	522	104230	275237	8681	220065	130505		112438	59409158	193975949	1533582	1533178	30322	1432699	20196	1283	110007	438461	1275	714939889	199	305	130	12909	47956	12348	137319849	6318	16674	16849	21567	7229	11043		9063	56432	24586	107662	55041	79209	7772	123137	395118	10712	574	1486	8352	9693		10380	2390	9501689	11064071	11547672	25078	93477741	43777		71688	17541	18472	211755	62666837	61225468	50628	6464	32835	51469255	112112	19850	46201	27134	26233	2460780	2804840	4800754	18299774				4319	4337	4316	4298	1192	1798	7832	8040	1685211	726658	530587	339565	341431		1468	4965	174843	2372556	10789	69203	117560662	33861	69387	1253395	2877	623594	1267	264859	12983	40546	332	400679	861452	198020	3335	14362	185	665149	176309170	267499623	227319	60856144	189109	5911087	52967344	60886133	206037	7598	4404	138072	1480	41696785	484417	29128738	329051	32249400	566977	36817761	31502453	28084309	28407022	28427212	28427044	487799	29958028	30224336	30342105	30313669	30245246	29169927	4276	26026	593209	49574	401823	66877211	72473309	287277970	60732887	935843	60001809	692119	173346179	2585	10144	65716	39722925	9485703	9698491	9698491	460768411	81669	269090101	230595	13495812	11889541	16188	7077		8177	363955	260444	48658238		250322721	450857	153	515802	11471	1056	4091	1418	30159	33518	4721032975
2024-03-25	19063	2127758	2122055	2050464		2546485	204291	395671	104586	18143294	8887106	70983		39474	141392	34314	3091832	8206	11766	1915138	47707	13954	1878362	433124	1439514	2126	12004	11110	33678	3448	8014	8178			1711989						115826	3340026	4019	4849	5671	55589	12969337	15910019	47792	14749031	5546630	12969340	229689	55211171	241612	40165483	141	5046		290	1270	49240	35219	1995	40970	43667	21167	1325		23383	1912	43615	16942	33774		28381	18954	20365	13701	217899	522	104230	275237	8681	220065	130505		112438	59409158	193975949	1533582	1533178	30322	1432699	20196	1283	110007	438461	1275	714939889	199	305	130	12910	47972	12348	137319849	6318	16674	16849	21567	7229	11043		9063	56432	24586	107746	55041	79209	7779	123179	395295	10712	574	1486	8352	9693		10380	2390	9511477	11073638	11558083	25078	93629333	43777		71685	17541	18478	211756	62772714	61279329	50614	6464	32835	51549684	112122	19850	46201	27134	26233	2460780	2804840	4800754	18299774				4319	4337	4316	4298	1192	1798	7832	8040	1685211	726658	530587	339565	341431		1468	4965	174843	2372556	10789	69203	117637151	33861	69387	1253395	2877	623594	1267	264859	12983	40546	332	400679	861452	198020	3335	14362	185	665149	176309253	267499623	227319	60856144	189109	5911087	52967344	60886133	206037	7598	4404	138072	1480	41696785	484901	29140664	329052	32289883	568151	36859268	31539557	28095221	28417812	28438124	28437956	488283	29969013	30235199	30353090	30324654	30256231	29181853	4276	26026	593209	49600	401823	66877211	72473309	287277970	60732887	935843	60001809	692119	173346179	2578	10144	65716	39722925	9485703	9698491	9698491	460768411	81669	269090101	230595	13495812	11889541	16188	7077		8177	363955	260444	48658238		250322721	450857	153	515802	11471	1056	4091	1418	30159	33518	4721829492
2024-04-01	19063	2158133	2152430	2080406		2546485	205047	266271	104586	18221631	8904016	70983		39474	141392	34314	3091832	8206	11766	1915138	47707	13954	1878362	433124	1439514	2126	12004	11110	33678	3448	8014	8178			1711989						115826	3340026	4019	4849	5671	55589	12969337	15910019	47792	14749031	5546630	12969340	229689	55211171	241612	40165483	141	5046		290	1270	50841	35219	1995	40970	43667	21167	1325		23383	1912	43615	16942	33774		28381	18954	20365	13701	217899	522	104230	275237	8681	220065	130505		112438	59409158	193975949	1533582	1533178	30322	1432699	20196	1283	110007	438461	1275	714939889	199	305	130	12912	47986	12348	137319849	6318	16674	16849	21567	7229	11043		9063	56432	24586	107796	55040	79209	7784	123263	395539	10712	574	1486	8352	9693		10380	2390	9504373	11047861	11523118	25078	93660048	43777		71685	17541	18483	211755	63011285	61633912	47259	6464	32835	51874725	112122	19850	46201	27135	26233	2460780	2804840	4800754	18299774				4319	4337	4316	4298	1192	1798	7832	8040	1685211	726658	530587	339565	341431		1450	4965	174843	2372556	10789	69203	117700273	33861	69387	1253395	2877	623594	1267	267095	12983	40621	336	400679	864463	200045	3335	14374	188	667632	176309361	267499623	227319	60856144	189109	5911087	52967344	60886133	206037	7598	4414	138072	1480	41622619	489432	29373631	329052	32390912	570173	36963077	31632858	28252892	28595315	28595796	28595628	496177	30150725	30441689	30531849	30506367	30442007	29401366	4276	26026	593209	49627	401823	66877211	72473309	287277970	60732887	935843	60001809	692119	173346179	2578	10144	65716	39722925	9485822	9698736	9698736	476606489	81675	266643040	230595	13529658	7771800	16188	7077		8177	370031	260444	47937966		248805733	475892	194	544084	11471	1056	4091	1418	30159	33518	4732245377
2024-04-07	19063	2167249	2160977	2088551		2546485	205493	266759	104586	18284226	8923052	70983		39474	175447	34347	3101919	8211	11771	1915184	47707	14012	1878399	433145	1449263	2126	11847	10947	34588	3549	8047	8272			1711989						115826	3340026	4019	4849	5671	55589	12969337	15910019	47792	14749031	5546630	12969340	229689	55211171	241612	40165483	141	5046		290	1270	50841	35219	1995	40970	43667	21167	1325		23383	1912	43615	16942	33774		28381	18954	20365	13701	217899	522	104230	275237	8672	220065	131765		112438	59409158	193975949	1533582	1533178	30340	1554325	20197	1283	110966	464216	1275	769495433	199	305	130	12912	47986	12348	137319849	6318	16674	16849	21567	7229	11043		9063	56432	24586	107861	55039	79205	7785	123307	395667	10712	574	1486	8352	9693		10380	2390	9478542	11008495	11463921	25078	94047342	43777		71685	17541	18484	211763	63157977	61789141	47270	6464	32835	51958855	112122	19850	46201	27137	26233	2460780	2804840	4800754	18299774				4319	4337	4316	4298	1192	1798	7832	8040	1685211	726658	530587	339565	341431		1450	4965	174843	2372556	10789	69203	117704551	33861	69387	1253395	2877	623594	1267	267095	13144	40621	336	393545	864463	200045	3318	14374	188	667632	158595234	267499623	227319	60856144	189109	5911087	52967344	60886133	206037	7598	4414	138072	1480	41622619	489840	29398917	329052	32471083	571739	37045744	31700263	28278391	28620031	28621295	28621127	496585	30176324	30466501	30557448	30531966	30467606	29426652	4276	26026	593209	49636	401823	66877211	72473309	287277970	60732887	935843	60001809	692119	173346179	2578	10144	65716	39722925	9485822	9698736	9698736	476606489	81675	266643040	230595	13529658	7771800	16188	7077		8177	370031	260444	47937966		248805733	475892	194	544084	11471	1056	4091	1418	30159	33518	4770557812
2024-04-13	19063	2171829	2164837	2092075		2546485	205871	267210	104586	18336367	8938346	70983		39474	175447	34347	3101919	8211	11771	1915184	47707	14012	1878399	433145	1449263	2126	11847	10947	34588	3549	8047	8272			1711989						115826	3340026	4019	4849	5671	55589	12969337	15910019	47792	14749031	5546630	12969340	229689	55211171	241612	40165483	141	5046		290	1270	50841	35219	1995	40970	43667	21167	1325		23383	1912	43615	16942	33774		28381	18954	20365	13701	217899	522	104230	275237	8672	220065	131765		112438	59409158	193975949	1533582	1533178	30340	1554325	20197	1283	110966	464216	1275	769495433	199	305	130	12912	47986	12348	137319849	6318	16674	16849	21567	7229	11043		9063	56432	24586	107861	55039	79205	7793	123343	395883	10712	574	1486	8352	9693		10380	2390	10191788	11939919	12506958	25078	94202058	43777		71686	17541	18485	211767	63248729	61888581	47287	6464	32835	52028022	112122	19850	46200	27142	26233	2460780	2804840	4800754	18299774				4319	4337	4316	4298	1192	1798	7832	8040	1685211	726658	530587	339565	341431		1450	4965	174843	2372556	10789	69203	117777783	33861	69387	1253395	2877	623594	1267	267095	13144	40621	336	393545	864463	200045	3318	14374	188	667632	158595234	267499623	227319	60856144	189109	5911087	52967344	60886133	206037	7598	4414	138072	1480	41622619	490339	29423200	329052	32531397	573102	37112545	31753349	28305012	28646624	28647916	28647748	497084	30202982	30493131	30584106	30558624	30494264	29450935	4276	26026	593209	49648	401823	66877211	72473309	287277970	60732887	935843	60001809	692119	173346179	2578	10144	65716	39722925	9485822	9698736	9698736	476606489	81675	266643040	230595	13529658	7771800	16188	7077		8177	370031	260444	47937966		248805733	475892	194	544084	11471	1056	4091	1418	30159	33518	4774284199
2024-04-20	19063	2175401	2168404	2095498		2546485	206320	267731	104586	18386496	8957140	70983		39474	175447	34347	3101919	8211	11771	1915184	47707	14012	1878399	433145	1449263	2126	11847	10947	34588	3549	8047	8272			1711989						115826	3340026	4019	4849	5671	55589	12969337	15910019	47792	14749031	5546630	12969340	229689	55211171	241612	40165483	141	5046		290	1270	50841	35219	1995	40970	43667	21167	1325		23383	1912	43615	16942	33774		28381	18954	20365	13701	217899	522	104230	275237	8672	220065	131765		112438	59409158	193975949	1533582	1533178	30340	1554325	20197	1283	110966	464216	1275	769495433	199	305	130	12912	47986	12348	137319849	6318	16674	16849	21567	7229	11043		9063	56432	24586	107949	55039	79233	7795	123362	396043	10712	574	1486	8352	9693		10380	2390	10187563	11930090	12477429	25078	94299630	43777		71686	17541	18487	211770	63369924	62011472	47292	6464	32835	52104529	112122	19850	46792	27142	26233	2460780	2804840	4800754	18299774				4319	4337	4316	4298	1192	1798	7832	8040	1685211	726658	530587	339565	341431		1450	4965	174843	2372556	10789	69203	117783561	33861	69387	1253395	2877	623594	1267	267095	13144	40621	336	393545	864463	200045	3318	14374	188	667632	158595234	267499623	227319	60856144	189109	5911087	52967344	60886133	206037	7598	4414	138072	1480	41622619	490634	29456497	329052	32598398	574344	37206670	31815295	28335595	28677002	28678499	28678331	497379	30233587	30523531	30614711	30589229	30524869	29484232	4276	26026	593209	49698	401823	66877211	72473309	287277970	60732887	935843	60001809	692119	173346179	2578	10144	65716	39722925	9485822	9698736	9698736	476606489	81675	266643040	230595	13529658	7771800	16188	7077		8177	370031	260444	47937966		248805733	475892	194	544084	11471	1059	4091	1418	30164	33518	4775312416
2024-04-27	19063	2186622	2176406	2103163		2546485	206763	268070	104586	18430523	8959386	70983		39474	175447	34347	3101919	8211	11771	1915184	47707	14012	1878399	433145	1449263	2126	11847	10947	34588	3549	8047	8272			1711989						115826	3340026	4019	4849	5671	55589	12969337	15910019	47792	14749031	5546630	12969340	229689	55211171	241612	40165483	141	5046		290	1270	50841	35219	1995	40970	43667	21167	1325		23383	1912	43615	16942	33774		28381	18954	20365	13701	217899	522	104230	275237	8726	220065	134006		111723	59409158	193975949	1533582	1533178	30340	1554325	20197	1283	110966	464216	1275	769495433	199	305	130	12912	47986	12348	137319849	6318	16674	16849	21567	7229	11043		9063	56432	24586	107996	55039	79233	7798	123385	396162	10712	574	1486	8352	9693		10380	2390	10195308	11937499	12485308	25078	94485105	43777		71686	17541	18489	211773	63435744	62091654	47292	6464	32835	52166354	112122	19850	46792	27142	26233	2460780	2804840	4800754	18299774				4319	4337	4316	4298	1192	1798	7832	8040	1685211	726658	530587	339565	341431		1450	4965	174843	2372556	10789	69203	117997729	33861	69387	1253395	2877	623594	1267	267095	13144	40621	336	393545	864463	200045	3318	14374	188	667632	158595234	267499623	227319	60856144	189109	5911087	52967344	60886133	206037	7598	4414	138072	1480	41622619	495284	29600396	329052	32675983	575920	37286955	31885424	28498548	28841846	28842688	28842520	495303	30336142	30628123	30718529	30693056	30628813	29614676	4276	26026	593209	49819	401823	66877211	72473309	287277970	60732887	935843	60001809	692119	173346179	2578	10144	65716	39722925	9485822	9698736	9698736	476606489	81675	266643040	230595	13529658	7771800	16188	7077		8177	370031	260444	47937966		248805733	475892	194	544084	11471	1059	4091	1418	30164	33518	4777700163
2024-05-04	19063	2198638	2181528	2107582		2546485	207428	268556	104586	18530520	9015682	71772		39956	175447	34347	3101919	8211	11771	1915184	47707	14012	1878399	433145	1449263	2126	11847	10947	34588	3549	8047	8272			1711989						115826	3340026	4019	4849	5671	55589	12969337	15910019	47792	14749031	5546630	12969340	229689	55211171	241612	40165483	141	5046		290	1270	50841	35219	1995	40970	43667	21167	1325		23383	1912	43615	16942	33774		28381	18954	20365	13701	217899	522	104230	275237	8726	220065	134006		111723	59409158	193975949	1533582	1533178	30340	1554325	20197	1283	110966	464216	1275	769495433	199	305	130	12912	47986	12348	137319849	6318	16674	16849	21567	7229	11043		9063	56432	24586	108056	55039	79233	7798	123428	396315	10712	574	1486	8352	9693		10380	2390	10195292	11937067	12478666	25078	94483298	43777		71686	17541	18502	211775	63754970	62424060	47294	6464	32835	52421184	112122	19850	46792	27142	26233	2460780	2804840	4800754	18299774				4319	4337	4316	4298	1192	1798	7832	8040	1685211	726658	530587	339565	341431		1450	4965	174843	2372556	10789	69203	118022414	33861	69387	1253395	2877	623594	1267	267095	13144	40621	336	393545	864463	200045	3318	14374	188	667632	158595282	267499623	227319	60856144	189109	5911087	52967344	60886133	206037	7598	4414	138072	1480	41622619	495629	29621549	329129	32742017	577303	37357424	31948816	28518851	28861924	28862991	28862823	495648	30356449	30648205	30738836	30713363	30649120	29635829	4276	26026	593209	49809	401823	66877211	72473309	287277970	60732887	935843	60001809	692119	173346179	2578	10144	65716	39722925	9485822	9698736	9698736	476606489	81675	266643040	230595	13529658	7771800	16188	7077		8177	370031	260444	47937966		248805733	475892	194	544084	11471	1059	4091	1418	30164	33518	4779229644
2024-05-11	19063	2248166	2192685	2118114		2546485	207850	269450	104586	18584288	9037022	71772		39956	175447	34347	3101919	8211	11771	1915184	47707	14012	1878399	433145	1449263	2126	11847	10947	34588	3549	8047	8272			1711989						115826	3340026	4019	4849	5671	55589	12969337	15910019	47792	14749031	5546630	12969340	229689	55211171	241612	40165483	141	5046		290	1270	50841	35219	1995	40970	43667	21167	1325		23383	1912	43615	16942	33774		28381	18954	20365	13701	217899	522	104230	275237	8726	220065	134006		111723	59409158	193975949	1533582	1533178	30340	1554325	20197	1283	110966	464216	1275	769495433	199	305	130	12913	48009	12348	137319849	6318	16674	16849	21567	7229	11043		9063	56432	24586	108175	55039	79233	7802	123478	396585	10712	574	1486	8352	9693		10380	2390	10537078	12317233	12885501	25078	94765962	43777		71686	17541	18503	211774	63831454	62516302	47294	6464	32835	52489491	112122	19850	46792	27142	27199	2460780	2804840	4800754	18299774				4319	4337	4316	4298	1192	1798	7832	8040	1685211	726658	530587	339565	341431		1450	4965	174843	2372556	10789	69203	118026500	33861	69387	1253395	2877	623594	1267	267095	13144	40621	336	393545	864463	200045	3318	14374	188	667632	158595251	267499623	227319	60856144	189109	5911087	52967344	60886133	206037	7598	4414	138072	1480	41622619	496059	29646742	329129	32817932	578755	37463398	32018289	28544873	28887862	28889013	28888845	496078	30382495	30674167	30764882	30739409	30675166	29661022	4276	26026	593209	49795	401823	66877211	72473309	287277970	60732887	935843	60001809	692119	173346179	2578	10144	65716	39722925	9485822	9698736	9698736	476606489	81675	266643040	230595	13529658	7771800	16188	7077		8177	370031	260444	47937966		248805733	475892	194	544084	11471	1059	4091	1418	30164	33518	4781569453
2024-05-18	19063	2252861	2197359	2122585		2546485	208280	269775	104586	18623884	9054512	71772		39956	175447	34347	3101919	8211	11771	1915184	47707	14012	1878399	433145	1449263	2126	11847	10947	34588	3549	8047	8272			1711989						115826	3340026	4019	4849	5671	54855	12969337	15910019	47792	14749031	5546630	12969340	224377	55211171	241612	40165483	141	5046		290	1270	50841	35219	1995	40970	43667	21167	1325		23383	1912	43615	16942	33774		28381	18954	20365	13701	217899	522	104230	275237	8726	220065	134006		111723	59409158	193975949	1533582	1533178	30340	1554325	20197	1283	110966	464216	1275	769495433	199	305	130	12913	48009	12348	137319849	6318	16674	16849	21567	7229	11043		9063	56432	24587	108898	55039	79233	7803	123520	396692	10712	574	1486	8352	9693		10380	2390	10537076	12317227	12885496	25078	95258680	43777		71686	17541	18509	211772	64134006	62863887	47294	6464	32835	52761191	112122	19850	46792	27142	27199	2460780	2804840	4800754	18299774				4319	4337	4316	4298	1192	1798	7832	8040	1685211	726658	530587	339565	341431		1450	4965	174843	2372556	10789	69203	118042692	33861	69387	1253395	2877	623594	1267	267095	13144	40621	336	393545	864463	200045	3318	14374	188	667632	158597481	267451107	227363	62318158	189290	5974072	54154462	62348147	206037	7598	4414	138072	1480	41622619	496420	29678859	329141	32892257	580141	37542076	32084513	28579615	28922471	28923755	28923587	496439	30418679	30710218	30801066	30775593	30711350	29693139	4276	26026	593209	49793	401823	66877211	72473309	287277970	60732887	935843	60001809	692119	173346179	2578	10144	65716	39722925	9485822	9698736	9698736	476606489	81675	266643040	230595	13529658	7771800	16188	7077		8177	370031	260444	47937966		248805733	475892	194	544084	11471	1060	4116	1418	30222	33518	4787800055
2024-05-26	19063	2257414	2201866	2126832		2546485	208710	270271	104586	18715693	9074826	71772		39956	175447	34347	3101919	8211	11771	1915184	47707	14012	1878399	433145	1449263	2126	11847	10947	34588	3549	8047	8272			1711989						115826	3340026	4019	4849	5671	54855	12969337	15910019	47792	14749031	5546630	12969340	224377	55211171	241612	40165483	141	5046		290	1270	50841	35219	1995	40970	43667	21167	1325		23383	1912	43615	16942	33774		28381	18954	20365	13701	217899	522	104230	275237	8726	220065	134006		111723	59409158	193975949	1533582	1533178	30340	1554325	20197	1283	110966	464216	1275	769495433	199	305	130	12914	48021	12348	137319849	6318	16674	16849	21567	7229	11043		9063	56432	24587	108940	55039	79233	7806	123869	398348	10712	574	1486	8352	9693		10380	2390	10550874	12333211	12902456	25078	95956265	43777		71686	17541	18514	211743	64268565	62980257	47293	6464	32835	52874459	112122	19848	46792	27142	27199	2460780	2804840	4800754	18299774				4319	4337	4316	4298	1192	1798	7832	8040	1685211	726658	530587	339565	341431		1450	4965	174843	2372556	10789	69203	118049971	33861	69387	1253395	2877	623594	1267	267095	13144	40621	336	393545	864463	200045	3318	14374	188	667632	158597481	267451107	227363	62318158	189290	5974072	54154462	62348147	206037	7598	4414	138072	1480	41622619	500356	29863488	329141	32984291	581607	37637535	32172339	28809975	29153854	29154115	29153947	503746	30657856	30950442	31040243	31014770	30950540	29881118	4276	26026	593209	49795	401823	66877211	72473309	287277970	60732887	935843	60001809	692119	173346179	2578	10144	65716	39722925	9485822	9698736	9698736	476606489	81675	266643040	230595	13529658	7771800	16188	7077		8177	370031	260444	47937966		248805733	475892	194	544084	11471	1060	4116	1418	30222	33518	4791824296
2024-06-04	19063	2269215	2212826	2137497		2546485	209067	270670	104586	18755430	9081138	71772		39956	175447	34347	3101919	8211	11771	1915184	47707	14012	1878399	433145	1449263	2126	11847	10947	34588	3549	8047	8272			1711989						115826	3340026	4019	4849	5671	54855	12969337	15910019	47792	14749031	5546630	12969340	224377	55211171	241612	40165483	141	5046		290	1270	50841	35219	1995	40970	43667	21167	1325		23383	1912	43615	16942	33774		28381	18954	20365	13701	217899	522	104230	275237	8726	220065	134006		111723	59409158	193975949	1533582	1533178	30300	1591525	20725	1283	112259	469324	1274	756717820	199	305	130	12915	48021	12348	137319849	6318	16674	16849	21567	7229	11043		9063	56432	24587	109003	55039	79233	7810	123933	398536	10712	574	1486	8352	9693		10380	2390	10810327	12612609	13223731	25078	96036753	43777		71686	17541	18520	211742	64337032	63029318	47293	6464	32835	52932438	112122	19848	46792	27142	27199	2460780	2804840	4800754	18299774				4319	4337	4316	4298	1192	1798	7832	8040	1685211	726658	530587	339565	341431		1452	4965	174843	2372556	10789	69203	118052227	33861	69387	1253395	2877	623594	1267	267095	13144	40621	336	393545	864463	200045	3318	14374	188	667632	158597481	267451107	227363	62318158	189290	5974072	54154462	62348147	206037	7598	4429	138072	1480	40452196	500713	29894648	329141	33069706	582908	37725549	32244776	28847508	29191261	29191648	29191480	504103	30695410	30987870	31077797	31052324	30988094	29912817	4276	26026	593209	49849	401823	66877211	72473309	287277970	60732887	935843	60001809	692119	173346179	2578	10144	65716	39722925	9494738	9709163	9709163	606663709	81713	260791472	230595	12810580	7668829	16188	7077		8178	377848	282077	45084699		245482527	571530	193	639722	11471	1060	4116	1418	30222	33518	4897225406
2024-06-07	19063	2269215	2212826	2137497		2546485	209764	271294	104586	18851024	9107286	71772		39956	175447	34347	3101919	8211	11771	1915184	47707	14012	1878399	433145	1449263	2126	11847	10947	34588	3549	8047	8272			1711989						115826	3340026	4019	4849	5671	54855	12969337	15910019	47792	14749031	5546630	12969340	224377	55211171	241612	40165483	141	5046	154006	290	1270	50841	35219	1995	40970	43667	21167	1325		23383	1912	43615	16942	33774		28381	18954	20365	13701	217899	522	104230	275237	8726	220065	134006		111723	59409158	193975949	1533582	1533178	30300	1591525	20725	1283	112259	469324	1274	756717820	199	305	130	12915	48021	12348	137319849	6318	16674	16849	21567	7229	11043		9063	56432	24587	109081	55039	79233	7810	123962	398683	10712	574	1486	8352	9693		10380	2390	10818848	12620979	13233209	25078	96037312	43777		71686	17541	18526	211747	64368744	63052279	47293	6464	32835	52975877	112122	19848	46792	27143	27199	2460780	2804840	4800754	18299774				4319	4337	4316	4298	1192	1798	7832	8040	1685211	726658	530587	339565	341431		1452	4965	174843	2372556	10789	69203	118052227	33861	69387	1253395	2877	623594	1267	267095	13144	40621	336	393545	864463	200045	3318	14374	188	667632	167682924	267451107	227363	62318158	189290	5974072	54154462	62348147	206037	7598	4429	138072	1480	40452196	500713	29894648	329141	33069706	582908	37725549	32244776	28847508	29191261	29191648	29191480	504103	30695410	30987870	31077797	31052324	30988094	29912817	4276	26026	593209	49907	401823	66877211	72473309	287277970	60732887	935843	60001809	692119	173346179	2578	10144	65716	39722925	9494738	9709163	9709163	606663709	81713	260791472	230595	12810580	7668829	16188	7077		8178	377848	282077	45084699		245482527	571530	193	639722	11471	1060	4116	1418	30222	33518	4906559276
2024-06-15	19063	2277731	2221323	2145780		2546485	210097	271959	104586	18899559	9127028	71772		39956	175447	34347	3101919	8211	11771	1915184	47707	14012	1878399	433145	1449263	2126	11847	10947	34588	3549	8047	8272			1711989						115826	3340026	4019	4849	5671	54855	12969337	15910019	47792	14749031	5546630	12969340	224377	55211171	241612	40165483	141	5046	154006	290	1270	50841	35219	1995	40970	43667	21167	1325		23383	1912	43615	16942	33774		28381	18954	20365	13701	217899	522	104230	275237	8726	220065	134006		111723	59409158	193975949	1533582	1533178	30300	1591525	20725	1283	112259	469324	1274	756717820	199	305	130	12916	48027	12348	137319849	6318	16674	16849	21567	7229	11043		9063	56432	24587	109154	55039	79233	7812	124058	398884	10712	574	1486	8352	9693		10380	2390	10861723	12657465	13283236	25078	96192969	43777		71685	17541	18526	211742	64473045	63164564	47293	6464	32835	53011308	112122	19848	46792	27143	27199	2460780	2804840	4800754	18299774				4319	4337	4316	4298	1192	1798	7832	8040	1685211	726658	530587	339565	341431		1452	4965	174843	2372556	10789	69203	118055035	33861	69387	1253395	2877	623594	1267	267095	13144	40621	336	393545	864463	200045	3318	14374	188	667632	167682921	267451107	227363	62318158	189290	5974072	54154462	62348147	206037	7598	4429	138072	1480	40452196	501649	29969367	329141	33247803	585897	37908986	32402405	28917446	29259693	29261586	29261418	505039	30766151	31057105	31148538	31123065	31058835	29987540	4276	26026	593209	49938	401823	66877211	72473309	287277970	60732887	935843	60001809	692119	173346179	2578	10144	65716	39722925	9494738	9709163	9709163	606663709	81713	260791472	230595	12810580	7668829	16188	7077		8178	377848	282077	45084699		245482527	571530	193	639722	11471	1060	4103	1397	30204	33518	4908651983
2024-06-22	19063	2283159	2225812	2150193		2546485	210443	272383	104586	18943764	9137278	71772		39956	175447	34347	3101919	8211	11771	1915184	47707	14012	1878399	433145	1449263	2126	11847	10947	34588	3549	8047	8272	2937503	2930834	4020997	1967051	2931144	1622003	1832840	20794	115826	3340026	4019	4849	5671	54855	12969337	15910019	47792	14749031	5546630	12969340	224377	55211171	241612	40165483	141	5046	154006	290	1270	50841	35219	1995	40970	43667	21167	1325		23383	1912	43615	16942	33774		28381	18954	20365	13701	217899	522	104230	275237	8726	220065	134006		111723	59409158	193975949	1533582	1533178	30300	1591525	20725	1283	112259	469324	1274	756717820	199	305	130	12916	48027	12348	137319849	6318	16674	16849	21567	7229	11043		9063	56430	24587	109326	55037	79046	7814	124128	399049	10712	574	1486	8352	9693		10380	2390	10863119	12657050	13277463	25078	96330854	43778		71685	17541	18528	211743	64572518	63265911	47293	6464	32835	53076528	112122	19842	46792	27145	27199	2460780	2804840	4800754	18299774				4319	4337	4316	4298	1192	1798	7832	8040	1685211	726658	530587	339565	341431		1452	4965	174843	2372556	10789	69203	118318172	33861	69387	1253395	2877	623594	1267	268044	13144	40633	348	393545	868078	201371	3318	14387	194	672687	167682921	267451107	227363	62318158	189290	5974072	54154462	62348147	206037	7598	4429	138072	1480	40452196	501882	29987900	329141	33299028	586799	37961704	32450969	28935072	29277319	29279212	29279044	505272	30783783	31074737	31166170	31140697	31076467	30006073	4276	26026	593209	49944	401823	66877211	72473309	287277970	60732887	935843	60001809	692119	173346179	2578	10144	65716	39722925	9494738	9709163	9709163	606663709	81713	260791472	230595	12810580	7668829	16188	7077		8178	377848	282077	45084699		245482527	571530	193	639722	11471	1060	4103	1397	30204	33518	4926295802
2024-06-29	19063	2283159	2225812	2150193		2546485	210948	272336	104586	19047151	9176700	71772		39956	175447	34347	3101919	8211	11771	1915184	47707	14012	1878399	433145	1449263	2126	11847	10947	34588	3549	8047	8272	2937511	2931019	4019779	1967278	2931329	1622218	1833057	20794	115826	3340026	4019	4849	5671	54855	12969337	15910019	47792	14749031	5546630	12969340	224377	55211171	241612	40165483	141	5046	153433	290	1270	50841	35219	1995	40970	43667	21167	1325		23383	1912	43615	16942	33774		28381	18954	20365	13701	217899	522	104230	275237	8765	220065	135801		111723	59409158	193975949	1533582	1533178	30300	1591525	20725	1283	112259	469324	1274	756717820	199	305	130	12916	48027	12348	137319849	6318	16674	16849	21567	7229	11043		9063	56430	24587	109572	55037	79046	7814	124144	399112	10712	574	1486	8352	9693		10380	2390	10967345	12733948	13327224	25078	96446747	43778		71685	17541	18539	211743	64771758	63446610	47293	6464	32835	53234459	112144	19842	46792	27148	27199	2460780	2804840	4800754	18299774				4319	4337	4316	4298	1192	1798	7832	8040	1685211	726658	530587	339565	341431		1452	4965	174843	2372556	10789	69203	118319951	33861	69387	1253395	2877	623594	1267	268044	13144	40633	348	393545	868078	201371	3318	14387	194	672687	167682921	267451107	227363	62318158	189290	5974072	54154462	62348147	206037	7598	4429	138072	1480	40452196	504940	30181657	329141	33448089	588584	38116600	32588223	29211790	29555411	29555930	29555762	515087	31074049	31366377	31456436	31430963	31366733	30253312	4276	26026	593209	49953	745335	66877211	72473309	287277970	60732887	935843	60001809	692119	143745388	2578	10144	65716	39722925	9494738	9709163	9709163	606663709	81713	260791472	230595	12810580	7668829	16188	7077		8178	377848	282077	45084699		245482527	571530	193	639722	11471	1060	4103	1397	30204	33518	4901527482
2024-07-06	19063	2283159	2225812	2150193		2546485	211705	272971	104586	19169684	9215828	71772		39956	175447	34347	3101919	8211	11771	1915184	47707	14012	1878399	433145	1449263	2126	11847	10947	34588	3549	8047	8272	2937519	2936147	4028236	1971740	2936457	1626491	1837806	20794	115826	3340026	4019	4849	5671	54855	12969337	15910019	47792	14749031	5546630	12969340	224377	55211171	241612	40165483	141	5046	153433	290	1270	50841	35219	1995	40970	43667	21167	1325		23383	1912	43615	16942	33774		28381	18954	20365	13701	217899	522	104230	275237	8774	220065	136279		111723	59409158	193975949	1533582	1533178	30300	1591525	20725	1283	112259	469324	1274	756717820	199	305	130	12916	48027	12348	137319849	6318	16674	16849	21567	7229	11043		9063	56430	24587	109628	55037	79047	7817	124273	399386	10712	574	1486	8352	9693		10380	2390	10966040	12715160	13299982	25078	96594508	43778		71685	17541	18546	211742	64884739	63570121	47293	6471	32835	53348077	112158	19842	46792	27153	27199	2460780	2804840	4800754	18299774				4319	4337	4316	4298	1192	1798	7832	8040	1685211	726658	530587	339565	341431	9328424	1452	4965	174843	2372556	10789	69203	118372532	33861	69387	1253395	2877	623594	1267	268044	13144	40633	348	393545	868078	201371	3318	14387	194	672687	167682921	267451107	227363	62318158	189290	5974072	54154462	62348147	206037	7598	4429	138072	1480	40452196	505360	30211016	329141	33537058	590058	38209139	32674631	29241743	29583517	29585883	29585715	515507	31104158	31394635	31486545	31461072	31396842	30282671	4276	26026	593209	50039	745335	66877211	72473309	287277970	60732887	935843	60001809	692119	173346179	2578	10144	65716	39722925	9494738	9709163	9709163	606663709	81713	260791472	230595	12810580	7668829	16188	7077		8178	377848	282077	45084699		245482527	571530	193	639722	11471	1060	4103	1397	30204	33518	4941751747
2024-07-13	19063	2283159	2225812	2150193		2546485	212049	273297	104586	19216359	9227772	71772		39956	175447	34347	3101919	8211	11771	1915184	47707	14012	1878399	433145	1449263	2126	11847	10947	34588	3549	8047	8272	2937515	2936239	4028094	1971709	2936549	1626562	1837834	20794	115826	3340026	4019	4849	5671	54855	12969337	15910019	47792	14749031	5546630	12969340	224377	55211171	241612	40165483	141	5046	153433	290	1270	50841	35219	1995	40970	43667	21167	1325		23383	1912	43615	16942	33774		28381	18954	20365	13701	217899	522	104230	275237	8774	220065	136279		111723	59409158	193975949	1533582	1533178	30300	1591525	20725	1283	112259	469324	1274	756717820	199	305	130	12918	48054	12349	137319849	6318	16674	16849	21567	7229	11043		9063	56430	24587	109621	55037	79046	7819	124307	399524	10712	574	1486	8352	9693		10380	2390	11259466	13038087	13685563	25078	96809176	43784		71685	17541	18550	211743	65103357	63775524	47293	6471	32835	53503353	112158	19842	46792	27153	27199	2460780	2804840	4800754	18299774				4319	4337	4316	4298	1192	1798	7832	8040	1685211	726658	530587	339565	341431	9343016	1452	4965	174843	2372556	10789	69203	118373866	33861	69387	1253395	2877	623594	1267	268044	13144	40633	348	393545	868078	201371	3318	14387	194	672687	167682920	267451107	227363	62318158	189290	5974072	54154462	62348147	206037	7598	4429	138072	1480	40452196	505724	30238529	329141	33611256	591444	38286026	32743735	29264055	29605027	29608195	29608027	515871	31126525	31416200	31508912	31483439	31419209	30310184	4276	26026	593209	50050	745335	66877211	72473309	287277970	60732887	935843	60001809	692119	173346179	2578	10144	65716	39722925	9494738	9709163	9709163	606663709	81713	260791472	230595	12810580	7668829	16188	7077		8178	377848	282077	45084699		245482527	571530	193	639722	11471	1060	4103	1397	30204	33518	4944099992
2024-07-22	19063	2283159	2225812	2150193		2546485	212430	273586	104586	19259387	9239194	71772		39956	175447	34347	3101919	8211	11771	1915184	47707	14012	1878399	433145	1449263	2126	11847	10947	34588	3549	8047	8272	2937527	2937973	4031466	1972175	2938283	1627983	1842504	20795	115826	3340026	4019	4849	5671	54855	12969337	15910019	47792	14749031	5546630	12969340	224377	55211171	241612	40165483	141	5046	153433	290	1270	50841	35219	1995	40970	43667	21167	1325		23383	1912	43615	16942	33774		28381	18954	20365	13701	217899	522	104230	275237	8774	220065	136279		111723	59409158	193975949	1533582	1533178	30300	1591525	20725	1283	112259	469324	1274	756717820	199	305	130	12918	48054	12349	137319849	6318	16674	16849	21567	7229	11043		9063	56430	24587	109695	55037	79046	7819	124307	399524	10712	574	1486	8352	9693		10380	2390	11259378	13014221	13658705	25078	97060555	43784		71684	17541	18562	211742	65552205	63963582	47290	6471	32835	53974653	112158	19842	46792	27152	27199	2460780	2804840	4800754	18299774				4319	4337	4316	4298	1192	1798	7832	8040	1685211	726658	530587	339565	341431	9360339	1452	4965	174843	2372556	10789	69203	118374241	33861	69387	1253395	2877	623594	1267	268044	13144	40633	348	393545	868078	201371	3318	14387	194	672687	167683034	267429688	227381	63512751	189485	5950432	55134279	63542774	206037	7598	4429	138072	1480	40452196	506914	30314209	329141	33844233	593882	38514396	32896795	29379871	29716299	29724011	29723843	517061	31245691	31536475	31657561	31602605	31546184	30385864	4276	26026	593209	50068	745335	66877211	72473309	287277970	60732887	935843	60001809	692119	173346179	2578	10144	65716	39722925	9494738	9709163	9709163	606663709	81713	260791472	230595	12810580	7668829	16188	7077		8178	377848	282077	45084699		245482527	571530	193	639722	11471	1063	4103	1398	30204	33518	4950682936
2024-07-29	19063	2283159	2225812	2150193		2546485	212782	273885	104586	19283283	9244040	71772		39956	175447	34347	3101919	8211	11771	1915184	47707	14012	1878399	433145	1449263	2126	11847	10947	34588	3549	8047	8272	2937553	2941159	4038792	1976268	2941471	1632027	1846085	20797	115826	3340026	4019	4849	5671	54855	12969337	15910019	47792	14749031	5546630	12969340	224377	55211171	241612	40165483	141	5046	153433	290	1270	50841	35219	1995	40970	43667	21167	1325		23383	1912	43615	16942	33774		28381	18954	20365	13701	217899	522	104230	275237	8774	220065	136279		111723	59409158	193975949	1533582	1533178	30300	1591525	20725	1283	112259	469324	1274	756717820	199	305	130	12919	48065	12349	137319849	6318	16674	16849	21567	7229	11043		9063	56430	24587	109695	55037	79046	7819	124307	399524	10712	574	1486	8352	9693		10380	2390	11259377	13037988	13685457	25078	97594891	43783		71684	17541	18562	211746	65760169	64174951	47277	6471	32835	54207836	112158	19842	46792	27152	27199	2460780	2804840	4800754	18299774				4319	4337	4316	4298	1192	1798	7832	8040	1685211	726658	530587	339565	341431	9373300	1453	4965	174843	2372556	10789	69203	118513969	33861	69387	1253395	2877	623594	1267	268044	13144	40633	348	393545	868078	201371	3318	14387	194	672687	167683034	267429688	227381	63512751	189485	5950432	55134279	63542774	206037	7598	4447	138072	1480	41203851	511135	30767040	329141	34178515	597105	38868073	33241453	30513131	30850600	30857618	30857446	905902	31789737	32076588	32206321	32146998	32083382	31553787	4276	26026	593209	50217	745335	66877211	72473309	287277970	60732887	935843	60001809	692119	173346179	2578	10144	65716	39722925	9498084	9712712	9712712	604164314	81986	260978721	230595	12687882	7653121	16188	7077		8227	384047	281259	45015597		245896766	588007	190	656198	11471	1063	4103	1398	30204	33518	4961122278
2024-08-03	19063	2283159	2225812	2150193		2546485	213462	274295	104586	19413365	9296456	71772		39956	175447	34347	3101919	8211	11771	1915184	47707	14012	1878399	433145	1449263	2126	11847	10947	34588	3549	8047	8272	2937553	2941309	4039186	1976643	2941621	1632226	1846475	20797	115826	3340026	4019	4849	5671	54855	12969337	15910019	47792	14749031	5546630	12969340	224377	55211171	241612	40165483	141	5046	153433	290	1270	50841	35219	1995	40970	43667	21167	1325		23383	1912	43615	16942	33774		28381	18954	20365	13701	217899	522	104230	275237	8774	220065	136279		111723	59409158	193975949	1533582	1533178	30288	1615604	21171	1283	113855	473753	1274	759739513	199	305	130	12918	48065	12349	137319849	6318	16674	16849	21567	7229	11043		9063	56430	24587	109848	55037	79046	7820	124346	399645	10712	574	1486	8352	9693		10380	2390	11430368	13210917	13889019	25078	97611574	43787		71684	17541	18564	211750	66020703	64409680	47290	6471	32835	54471349	112162	19842	46792	27152	27199	2460780	2804840	4800754	18299774				4319	4337	4316	4298	1192	1798	7832	8040	1685211	726658	530587	339565	341431	9396712	1453	4965	174843	2372556	10789	69203	118514351	33861	69387	1253395	2877	623594	1267	268044	13144	40633	348	393545	868078	201371	3318	14387	194	672687	168138956	267429688	227381	63512751	189485	5950432	55134279	63542774	206037	7598	4447	138072	1480	41203851	512855	30903856	329141	34556851	600260	39262602	33497244	30769891	31092056	31114378	31114206	907622	32067466	32333768	32503862	32424727	32354163	31690608	4276	26026	593209	50243	745335	66877211	72473309	287277970	60732887	935843	60001809	692119	173346179	2578	10144	65716	39722925	9498084	9712712	9712712	604164314	81986	260978721	230595	12687882	7653121	16188	7077		8227	384047	281259	45015597		245896766	588007	190	656198	11471	1063	4103	1398	30204	33518	4969864362
2024-08-10	19063	2283159	2225812	2150193		2546485	213862	274745	104586	19457343	9306930	71772		39956	175447	34347	3101919	8211	11771	1915184	47707	14012	1878399	433145	1449263	2126	11847	10947	34588	3549	8047	8272	2937565	2943397	4042449	1977654	2943709	1633225	1847981	20797	115826	3340026	4019	4849	5671	54855	12969337	15910019	47792	14749031	5546630	12969340	224377	55211171	241612	40165483	141	5046	153433	290	1270	50841	35219	1995	40970	43667	21167	1325		23383	1912	43615	16942	33774		28381	18954	20365	13701	217899	522	104230	275237	8774	220065	136279		111723	59409158	193975949	1533582	1533178	30288	1615604	21171	1283	113855	473753	1274	759739513	199	305	130	12918	48082	12349	137319849	6318	16674	16849	21567	7229	11043		9063	56430	24586	109941	55037	79046	7824	124427	400072	10712	574	1486	8352	9693		10380	2390	11424895	13201014	13862543	25078	98345806	43787		71684	17541	18569	211753	66196430	64584155	47290	6471	32835	54604394	112162	19842	46827	27152	27199	2460780	2804840	4800754	18299774				4319	4337	4316	4298	1192	1798	7832	8040	1685211	726658	530587	339565	341431	9411207	1453	4965	174843	2372556	10789	69203	118564316	33861	69387	1253395	2877	623594	1267	268044	13144	40633	348	393545	868078	201371	3318	14387	194	672687	168635755	267429688	227381	63512751	189485	5950432	55134279	63542774	206037	7598	4447	138072	1480	41203851	513104	30927849	329141	34652589	601697	39366125	33560976	30805117	31122913	31149604	31149432	907885	32107064	32367003	32543527	32464325	32393218	31714601	4276	26026	593209	50323	745335	66877211	72473309	287277970	60732887	935843	60001809	692119	173346179	2578	10144	65716	39722925	9498084	9712712	9712712	604164314	81986	260978721	230595	12687882	7653121	16188	7077		8227	384047	281259	45015597	245896766	245896766	588007	190	656198	11471	1063	4103	1398	30204	33518	5218205641
2024-08-17	19063	2283159	2225812	2150193		2546485	214241	275368	104586	19509755	9317066	71772		39956	175447	34347	3101919	8211	11771	1915184	47707	14012	1878399	433145	1449263	2126	11847	10947	34588	3549	8047	8272	2937671	3022211	4133716	1984735	3022540	1634572	1854267	20797	115826	3340026	4019	4849	5671	54855	12969337	15910019	47792	14749031	5546630	12969340	224377	55211171	241612	40165483	141	5046	155799	290	1270	50841	35510	2048	40970	43861	21166	1325		24071	1912	43807	17257	34886	13531	28767	18941	20379	13701	217899	522	104230	275237	8814	220065	137689		113135	59409158	193975949	1533582	1533178	30288	1615604	21171	1283	113855	473753	1274	759739513	199	305	130	12918	48082	12349	137319849	6318	16674	16849	21567	7229	11043		9063	56430	24586	109975	55037	79046	7824	124441	400105	10712	574	1486	8352	9693		10380	2390	11440378	13214378	13876660	25078	98345806	43787		71684	17541	18576	211756	66342889	64733895	47290	6471	32835	54753577	112162	19842	46827	27152	27199	2460780	2804840	4800754	18299774				4319	4337	4316	4298	1192	1798	7832	8040	1685211	726658	530587	339565	341431	9428859	1453	4965	174843	2372556	10789	69203	118564405	33861	69387	1253395	2877	623594	1267	268044	13144	40633	348	393545	868078	201371	3318	14387	194	672687	168635756	267429688	227381	63512751	189485	5950432	55134279	63542774	206037	7598	4447	138072	1480	41203851	513624	30955311	329141	34745378	603614	39464717	33681481	30837301	31147774	31181788	31181616	908405	32139108	32393286	32575790	32496369	32424816	31742063	4276	26026	593209	50324	745335	66877211	72473309	287277970	60732887	935843	60001809	692119	173346179	2578	10144	65716	39722925	9498084	9712712	9712712	604164314	81986	260978721	230595	12687882	7653121	16188	7077		8227	384047	281259	45015597	245896766	245896766	588007	190	656198	11471	1063	4103	1398	30204	33518	5219706505
