affy_probeset-ncbigene.tsv	48899	48899	0	1
assembly_insdc-bioproject.tsv	3284407	3284407	0	1
assembly_insdc-biosample.tsv	3203276	3203276	0	1
assembly_insdc-insdc_master.tsv	3072187	3072187	0	1
bioproject-biosample.tsv	40613977	40555828	58149	1.00143
bioproject-geo_series.tsv	270675	270173	502	1.00186
bioproject-pubmed.tsv	334843	334249	594	1.00178
bioproject_umbrella-bioproject.tsv	139539	139539	0	1
biosample-bioproject.tsv	40613977	40555828	58149	1.00143
biosample-geo_sample.tsv	11529846	11508752	21094	1.00183
biosample-taxonomy.tsv	60198090	59970503	227587	1.00379
cellosaurus-clo.tsv	34125	34125	0	1
cellosaurus-cl.tsv	52666	52666	0	1
cellosaurus-ncit_disease.tsv	81041	81041	0	1
cellosaurus-orphanet_phenotype.tsv	43912	43912	0	1
cellosaurus-taxonomy.tsv	170416	170416	0	1
cellosaurus-uberon-TIO_000150.tsv	136544	136544	0	1
cellosaurus-uberon-TIO_000152.tsv	6657	6657	0	1
cellosaurus-uberon.tsv	136544	136544	0	1
chebi-glytoucan.tsv	10604	10604	0	1
chebi-inchi_key.tsv	189844	189844	0	1
chembl_compound-chebi.tsv	39866	39866	0	1
chembl_compound-chembl_target-TIO_000012.tsv	3185042	3185042	0	1
chembl_compound-chembl_target-TIO_000120.tsv	4946	4946	0	1
chembl_compound-chembl_target.tsv	3185042	3185042	0	1
chembl_compound-drugbank.tsv	8766	8766	0	1
chembl_compound-hmdb.tsv	11760	11760	0	1
chembl_compound-inchi_key.tsv	1915414	1915414	0	1
chembl_compound-mesh.tsv	55025	55025	0	1
chembl_compound-pdb_ccd.tsv	14371	14371	0	1
chembl_compound-pubchem_compound.tsv	1879197	1879197	0	1
chembl_compound-pubchem_substance.tsv	433196	433196	0	1
chembl_compound-pubmed.tsv	1481254	1481254	0	1
chembl_target-ensembl_gene.tsv	2126	2126	0	1
chembl_target-go.tsv	11591	11591	0	1
chembl_target-interpro.tsv	12293	12293	0	1
chembl_target-pdb.tsv	40840	40840	0	1
chembl_target-pfam.tsv	3959	3959	0	1
chembl_target-reactome_pathway.tsv	8615	8615	0	1
chembl_target-uniprot-TIO_000002.tsv	10962	10962	0	1
chembl_target-uniprot-TIO_000130.tsv	1568	1568	0	1
chembl_target-uniprot-TIO_000132.tsv	1601	1601	0	1
chembl_target-uniprot.tsv	10962	10962	0	1
clinvar-dbsnp.tsv	5794505	5794313	192	1.00003
clinvar-hgnc.tsv	4622243	4588830	33413	1.00728
clinvar-medgen.tsv	6380247	6359770	20477	1.00322
clinvar-mondo.tsv	2772227	2761133	11094	1.00402
clinvar-ncbigene.tsv	4622802	4589391	33411	1.00728
clinvar-omim_phenotype.tsv	2187378	2177342	10036	1.00461
clinvar-orphanet_phenotype.tsv	2395247	2386859	8388	1.00351
clinvar-uniprot.tsv	20829	20828	1	1.00005
cl-uberon.tsv	7377	7377	0	1
cog-insdc.tsv	300872	300872	0	1
cog-refseq_protein.tsv	5896037	5896037	0	1
doid-mesh.tsv	4053	4053	0	1
doid-ncit_disease.tsv	4905	4905	0	1
doid-omim_phenotype.tsv	6233	6233	0	1
ensembl_gene-affy_probeset.tsv	57134	57134	0	1
ensembl_gene-ensembl_protein.tsv	15376115	15376115	0	1
ensembl_gene-ensembl_transcript.tsv	19561609	19561609	0	1
ensembl_gene-hgnc.tsv	48246	48246	0	1
ensembl_gene-ncbigene.tsv	45558265	45558265	0	1
ensembl_gene-taxonomy.tsv	10405264	10405264	0	1
ensembl_gene-uniprot.tsv	10916030	10916030	0	1
ensembl_protein-ensembl_transcript.tsv	15372643	15372643	0	1
ensembl_protein-uniparc.tsv	14483896	14483896	0	1
ensembl_transcript-affy_probeset.tsv	645935	645935	0	1
ensembl_transcript-go.tsv	88978683	88978683	0	1
ensembl_transcript-hgnc.tsv	414556	414556	0	1
ensembl_transcript-refseq_rna.tsv	49063935	49063935	0	1
flybase_gene-flybase_transcript.tsv	35737	35737	0	1
flybase_transcript-flybase_protein.tsv	30837	30837	0	1
gea-bioproject.tsv	141	141	0	1
gea-biosample.tsv	5046	5046	0	1
glycomotif-glytoucan.tsv	155799	155799	0	1
glytoucan-doid.tsv	290	290	0	1
glytoucan-ncbigene.tsv	1270	1270	0	1
glytoucan-uniprot-TIO_000060.tsv	72716	72716	0	1
glytoucan-uniprot-TIO_000126.tsv	471	471	0	1
glytoucan-uniprot-TIO_000128.tsv	386	386	0	1
glytoucan-uniprot.tsv	72716	72716	0	1
hgnc-ccds.tsv	35504	35504	0	1
hgnc-ec.tsv	2317	2317	0	1
hgnc-ensembl_gene.tsv	42548	42455	93	1.00219
hgnc-hgnc_symbol.tsv	45233	45140	93	1.00206
hgnc-insdc.tsv	21136	21136	0	1
hgnc-lrg.tsv	1325	1325	0	1
hgnc-mgi_gene.tsv	24081	24081	0	1
hgnc-mirbase.tsv	1912	1912	0	1
hgnc-ncbigene.tsv	44481	44440	41	1.00092
hgnc-omim_gene.tsv	17589	17589	0	1
hgnc-pubmed.tsv	36000	35995	5	1.00014
hgnc-refseq_genomic.tsv	13657	13657	0	1
hgnc-refseq_rna.tsv	28966	28960	6	1.00021
hgnc-rgd.tsv	18982	18980	2	1.00011
hgnc-uniprot.tsv	20377	20377	0	1
hmdb-chebi.tsv	13701	13701	0	1
hmdb-inchi_key.tsv	217899	217899	0	1
hmdb-pdb_ccd.tsv	522	522	0	1
hmdb-pubchem_compound.tsv	104230	104230	0	1
homologene-ncbigene.tsv	275237	275237	0	1
hp_inheritance-omim_phenotype.tsv	8977	8977	0	1
hp_phenotype-ncbigene.tsv	220065	220065	0	1
hp_phenotype-omim_phenotype.tsv	152141	152141	0	1
hp_phenotype-orphanet_phenotype.tsv	115745	115745	0	1
insdc-bioproject.tsv	59409158	59409158	0	1
insdc-biosample.tsv	193975949	193975949	0	1
insdc_master-bioproject.tsv	4285696	4285696	0	1
insdc_master-biosample.tsv	4284915	4284915	0	1
interpro-go.tsv	29991	29991	0	1
interpro-pdb.tsv	2055097	2055097	0	1
interpro-pfam.tsv	29136	29136	0	1
interpro-prosite.tsv	1279	1279	0	1
interpro-pubmed.tsv	137817	137817	0	1
interpro-reactome_pathway.tsv	515130	515130	0	1
interpro-smart.tsv	1275	1275	0	1
interpro-uniprot.tsv	485346126	485346126	0	1
jga_study-jga_dataset.tsv	199	199	0	1
jga_study-nbdc_human_db.tsv	305	305	0	1
jga_study-pubmed.tsv	130	130	0	1
lipidmaps-chebi.tsv	14589	14589	0	1
lipidmaps-inchi_key.tsv	50014	50014	0	1
lipidmaps-swisslipids.tsv	12560	12560	0	1
mbgd_gene-uniprot.tsv	137319849	137319849	0	1
mbgd_organism-taxonomy.tsv	6318	6318	0	1
medgen-hp_phenotype.tsv	18932	18932	0	1
medgen-mesh.tsv	17123	17123	0	1
medgen-mondo.tsv	22846	22846	0	1
medgen-ncbigene.tsv	7568	7568	0	1
medgen-omim_phenotype.tsv	11491	11491	0	1
medgen-orphanet_phenotype.tsv	9039	9039	0	1
mgi_gene-ensembl_gene.tsv	77476	77476	0	1
mgi_gene-hgnc.tsv	24592	24592	0	1
mgi_gene-mgi_allele.tsv	141701	141601	100	1.00071
mgi_gene-ncbigene.tsv	90600	90600	0	1
mgi_gene-uniprot.tsv	83714	83714	0	1
mgi_genotype-doid.tsv	8107	7861	246	1.03129
mgi_genotype-mgi_allele.tsv	127858	125350	2508	1.02001
mgi_genotype-mp.tsv	414227	402537	11690	1.02904
mirbase-mirbase_mature.tsv	53320	53320	0	1
mondo-cl.tsv	2193	2185	8	1.00366
mondo-doid.tsv	11638	11638	0	1
mondo-efo_disease.tsv	2400	2400	0	1
mondo-hp_phenotype.tsv	578	578	0	1
mondo-meddra.tsv	1489	1489	0	1
mondo-mesh.tsv	8360	8360	0	1
mondo-ncit_disease.tsv	7550	7550	0	1
mondo-omim_phenotype.tsv	10027	10027	0	1
mondo-orphanet_phenotype.tsv	10288	10288	0	1
mondo-uberon.tsv	64594	64581	13	1.0002
nando-hp_phenotype.tsv	61462	61462	0	1
nando-mondo-TIO_000001.tsv	2235	2235	0	1
nando-mondo-TIO_000002.tsv	1966	1966	0	1
nando-mondo.tsv	2235	2235	0	1
nando-nbdc_human_db.tsv	225	225	0	1
nando-ncbigene.tsv	3759	3759	0	1
ncbigene-ensembl_gene.tsv	14966060	14981273	-15213	0.998985
ncbigene-ensembl_protein.tsv	16838921	16886443	-47522	0.997186
ncbigene-ensembl_transcript.tsv	17678601	17740236	-61635	0.996526
ncbigene-flybase_gene.tsv	25078	25078	0	1
ncbigene-go.tsv	124666664	124470744	195920	1.00157
ncbigene-hgnc.tsv	45254	45161	93	1.00206
ncbigene-mgi_gene.tsv	71623	71623	0	1
ncbigene-mirbase.tsv	30412	30412	0	1
ncbigene-omim_gene.tsv	19057	19054	3	1.00016
ncbigene-refseq_genomic.tsv	211941	211939	2	1.00001
ncbigene-refseq_protein.tsv	88760002	88594054	165948	1.00187
ncbigene-refseq_rna.tsv	87459208	87283573	175635	1.00201
ncbigene-rgd.tsv	371702	371709	-7	0.999981
ncbigene-sgd.tsv	6471	6471	0	1
ncbigene-tair.tsv	32835	32835	0	1
ncbigene-taxonomy.tsv	73179296	72995321	183975	1.00252
ncbigene-vgnc.tsv	113972	113930	42	1.00037
ncbigene-wormbase_gene.tsv	46890	46890	0	1
ncbigene-xenbase_gene.tsv	49074	49074	0	1
ncbigene-zfin_gene.tsv	27649	27652	-3	0.999892
ncit_disease-ncit_tissue.tsv	36904	36904	0	1
oma_protein-ensembl_gene.tsv	2907224	2907224	0	1
oma_protein-ensembl_transcript.tsv	3323991	3323991	0	1
oma_protein-ncbigene.tsv	12000323	12000323	0	1
oma_protein-uniprot.tsv	19992481	19992481	0	1
orphanet_gene-ensembl_gene.tsv	4419	4419	0	1
orphanet_gene-hgnc.tsv	4443	4443	0	1
orphanet_gene-omim_gene.tsv	4417	4417	0	1
orphanet_gene-uniprot.tsv	4398	4398	0	1
orphanet_phenotype-meddra.tsv	1668	1668	0	1
orphanet_phenotype-mesh.tsv	3229	3229	0	1
orphanet_phenotype-omim_phenotype.tsv	7420	7420	0	1
orphanet_phenotype-orphanet_gene.tsv	8159	8159	0	1
pdb-go.tsv	1737365	1737365	0	1
pdb-interpro.tsv	1310675	1310675	0	1
pdb-pdb_ccd.tsv	669460	669460	0	1
pdb-pfam.tsv	419746	419746	0	1
pdb-uniprot.tsv	496143	496143	0	1
pmc-pubmed.tsv	11612343	11595982	16361	1.00141
prosite-prosite_prorule.tsv	1506	1506	0	1
pubchem_compound-atc.tsv	3757	3757	0	1
pubchem_compound-chebi.tsv	181222	181222	0	1
pubchem_compound-chembl_compound.tsv	2854515	2854515	0	1
pubchem_compound-drugbank.tsv	10793	10793	0	1
pubchem_compound-glytoucan.tsv	52939	52939	0	1
pubchem_compound-inchi_key.tsv	124717113	124717113	0	1
pubchem_pathway-ncbigene.tsv	33861	33861	0	1
pubchem_pathway-pathbank.tsv	69387	69387	0	1
pubchem_pathway-pubchem_compound.tsv	1255095	1255095	0	1
pubchem_pathway-reactome_pathway.tsv	3002	3002	0	1
pubchem_pathway-uniprot.tsv	619714	619714	0	1
pubchem_pathway-wikipathways.tsv	1267	1267	0	1
reactome_pathway-chebi.tsv	307049	307049	0	1
reactome_pathway-go.tsv	13894	13894	0	1
reactome_pathway-iuphar_ligand.tsv	63147	63147	0	1
reactome_pathway-mirbase_mature.tsv	9	9	0	1
reactome_pathway-mirbase.tsv	487	487	0	1
reactome_pathway-reactome_reaction.tsv	424087	424087	0	1
reactome_pathway-uniprot.tsv	942792	942792	0	1
reactome_reaction-chebi.tsv	221901	221901	0	1
reactome_reaction-go.tsv	4709	4709	0	1
reactome_reaction-iuphar_ligand.tsv	28225	28225	0	1
reactome_reaction-mirbase_mature.tsv	6	6	0	1
reactome_reaction-mirbase.tsv	257	257	0	1
reactome_reaction-uniprot.tsv	737457	737457	0	1
refseq_protein-taxonomy.tsv	116669643	116669643	0	1
refseq_protein-uniprot.tsv	125121923	125121923	0	1
refseq_rna-dbsnp.tsv	329266154	329266154	0	1
refseq_rna-hgnc.tsv	227553	227553	0	1
refseq_rna-ncbigene.tsv	86037000	86037000	0	1
refseq_rna-omim_gene.tsv	193775	193775	0	1
refseq_rna-pubmed.tsv	6595366	6595366	0	1
refseq_rna-refseq_protein.tsv	73675121	73675121	0	1
refseq_rna-taxonomy.tsv	86067871	86067871	0	1
rhea-chebi.tsv	239451	239451	0	1
rhea-ec.tsv	7928	7928	0	1
rhea-go.tsv	7745	7745	0	1
rhea-pubmed.tsv	153676	153676	0	1
rhea-reactome_reaction.tsv	1685	1685	0	1
rhea-uniprot.tsv	34271101	34271101	0	1
rnacentral-ensembl_transcript.tsv	3005632	3005632	0	1
rnacentral-flybase_transcript.tsv	4535	4535	0	1
rnacentral-hgnc.tsv	8390	8390	0	1
rnacentral-lncbook_gene.tsv	322793	322793	0	1
rnacentral-mgi_gene.tsv	17524	17524	0	1
rnacentral-mirbase_mature.tsv	48885	48885	0	1
rnacentral-mirbase.tsv	38582	38582	0	1
rnacentral-pdb.tsv	21932	21932	0	1
rnacentral-refseq_rna.tsv	132794	132794	0	1
rnacentral-rfam.tsv	7275903	7275903	0	1
rnacentral-rgd.tsv	5057	5057	0	1
rnacentral-sgd.tsv	438	438	0	1
rnacentral-tair.tsv	4853	4853	0	1
rnacentral-wormbase_gene.tsv	25530	25530	0	1
rnacentral-zfin_transcript.tsv	1093	1093	0	1
sra_accession-bioproject.tsv	747449	746987	462	1.00062
sra_accession-biosample.tsv	43679682	43598834	80848	1.00185
sra_accession-sra_analysis.tsv	4762702	4751364	11338	1.00239
sra_accession-sra_experiment.tsv	47285878	47120743	165135	1.0035
sra_accession-sra_project.tsv	860274	857786	2488	1.0029
sra_accession-sra_run.tsv	53002507	52820637	181870	1.00344
sra_accession-sra_sample.tsv	47601800	47448689	153111	1.00323
sra_experiment-bioproject.tsv	41412204	41365835	46369	1.00112
sra_experiment-biosample.tsv	41724457	41684005	40452	1.00097
sra_experiment-sra_project.tsv	41759133	41712764	46369	1.00111
sra_experiment-sra_sample.tsv	41774751	41728382	46369	1.00111
sra_project-bioproject.tsv	747559	747097	462	1.00062
sra_run-bioproject.tsv	44048732	43999075	49657	1.00113
sra_run-biosample.tsv	44360730	44319270	41460	1.00094
sra_run-sra_experiment.tsv	44486296	44410343	75953	1.00171
sra_run-sra_project.tsv	44408436	44358779	49657	1.00112
sra_run-sra_sample.tsv	44407903	44360526	47377	1.00107
sra_sample-biosample.tsv	43703675	43622827	80848	1.00185
swisslipids-chebi.tsv	4286	4286	0	1
swisslipids-hmdb.tsv	26026	26026	0	1
swisslipids-inchi_key.tsv	593217	593217	0	1
taxonomy-pubmed.tsv	50958	50958	0	1
togovar-clinvar.tsv	781585	781585	0	1
togovar-dbsnp.tsv	275026172	275026172	0	1
togovar-ensembl_gene.tsv	72473309	72473309	0	1
togovar-ensembl_transcript.tsv	287277970	287277970	0	1
togovar-hgnc.tsv	282610640	282610640	0	1
togovar-medgen.tsv	935843	935843	0	1
togovar-ncbigene.tsv	287432073	287432073	0	1
togovar-pubmed.tsv	1540076	1540076	0	1
togovar-refseq_rna.tsv	2251507237	2251507237	0	1
uberon-cl.tsv	13933	13933	0	1
uberon-ncit_tissue.tsv	2578	2578	0	1
uniparc-refseq_protein.tsv	480601681	480601681	0	1
uniprot-chembl_target.tsv	11865	11865	0	1
uniprot-dbsnp.tsv	68861	68861	0	1
uniprot-ec.tsv	24980303	24980303	0	1
uniprot-ensembl_gene.tsv	8144161	8144161	0	1
uniprot-ensembl_protein.tsv	8385715	8385715	0	1
uniprot-ensembl_transcript.tsv	8385716	8385716	0	1
uniprot-go.tsv	317841492	317841492	0	1
uniprot-hgnc.tsv	146604	146604	0	1
uniprot-insdc_cds.tsv	136155865	136155865	0	1
uniprot-insdc.tsv	137803740	137803740	0	1
uniprot-intact.tsv	262380	262380	0	1
uniprot_isoform-ensembl_protein.tsv	76690	76690	0	1
uniprot_isoform-ensembl_transcript.tsv	76690	76690	0	1
uniprot_isoform-refseq_protein.tsv	79145	79145	0	1
uniprot_isoform-uniparc.tsv	69831	69831	0	1
uniprot-ncbigene.tsv	20605114	20605114	0	1
uniprot-oma_group.tsv	6915919	6915919	0	1
uniprot-omim_gene.tsv	16832	16832	0	1
uniprot-omim_phenotype.tsv	7503	7503	0	1
uniprot-orphanet_phenotype.tsv	8294	8294	0	1
uniprot-pdb.tsv	476120	476120	0	1
uniprot_proteome-assembly_insdc.tsv	1277910	1277910	0	1
uniprot_proteome-assembly_refseq.tsv	220	220	0	1
uniprot_proteome-taxonomy.tsv	1334862	1334862	0	1
uniprot-reactome_pathway.tsv	310044	310044	0	1
uniprot-refseq_protein.tsv	82491459	82491459	0	1
uniprot-taxonomy.tsv	150006383	150006383	0	1
uniprot-uniparc.tsv	150006383	150006383	0	1
uniprot-uniprot_isoform.tsv	67394	67394	0	1
uniprot-uniprot_mnemonic.tsv	150006383	150006383	0	1
wikipathways-chebi.tsv	6227	6227	0	1
wikipathways-doid.tsv	1253	1253	0	1
wikipathways-hmdb.tsv	4153	4153	0	1
wikipathways-lipidmaps.tsv	1729	1729	0	1
wikipathways-ncbigene.tsv	32112	32112	0	1
wikipathways-uniprot.tsv	5271	5271	0	1
zfin_gene-zfin_transcript.tsv	48740	48740	0	1
total	8631915648	8629683932	2231716	1.00026
