DB00006	59173
DB00007	6427
DB00014	5523
DB00030	5931
DB00035	4450
DB00050	59224
DB00080	600103
DB00091	4031
DB00093	60564
DB00106	337298
DB00114	18405
DB00115	17439
DB00116	20506
DB00117	15971
DB00118	67040
DB00119	32816
DB00120	17295
DB00121	15956
DB00122	15354
DB00123	18019
DB00125	16467
DB00126	29073
DB00127	15746
DB00128	17053
DB00129	15729
DB00130	58359
DB00131	16027
DB00132	27432
DB00133	33384
DB00134	16643
DB00135	58315
DB00136	17823
DB00137	28838
DB00138	16283
DB00139	15741
DB00140	17015
DB00141	17411
DB00142	16015
DB00143	16856
DB00144	84519
DB00145	15428
DB00146	17933
DB00147	17310
DB00148	16919
DB00149	57427
DB00150	16828
DB00151	17561
DB00152	18385
DB00153	28934
DB00154	53486
DB00155	16349
DB00156	16857
DB00157	16908
DB00158	27470
DB00159	28364
DB00160	16977
DB00161	16414
DB00162	17336
DB00163	18145
DB00165	16709
DB00166	30314
DB00167	58045
DB00168	2877
DB00169	28940
DB00170	28869
DB00171	15422
DB00172	17203
DB00173	16708
DB00174	58048
DB00175	63618
DB00176	5138
DB00177	9927
DB00178	8774
DB00179	73468
DB00180	5106
DB00181	2972
DB00182	132233
DB00183	31974
DB00184	17688
DB00185	3568
DB00186	6539
DB00187	88206
DB00188	52717
DB00189	4882
DB00190	39585
DB00191	8080
DB00192	135314
DB00193	75725
DB00194	45327
DB00195	3082
DB00196	46081
DB00197	9753
DB00198	7798
DB00199	42355
DB00200	27786
DB00201	27732
DB00202	45652
DB00203	9139
DB00204	4681
DB00205	8673
DB00206	28487
DB00207	2955
DB00208	9588
DB00209	145791
DB00210	31174
DB00211	6933
DB00213	7915
DB00214	9637
DB00215	77397
DB00216	50922
DB00217	37937
DB00218	63611
DB00219	94329
DB00220	7496
DB00221	6005
DB00222	5383
DB00223	59750
DB00224	44032
DB00225	37333
DB00226	5555
DB00227	40303
DB00228	4792
DB00229	355510
DB00230	64356
DB00231	9435
DB00232	6847
DB00233	27565
DB00234	135342
DB00235	50693
DB00236	8242
DB00237	3228
DB00238	63613
DB00239	7825
DB00240	53776
DB00241	102524
DB00242	567361
DB00243	87690
DB00244	6775
DB00245	3048
DB00246	10119
DB00247	584020
DB00248	3286
DB00249	147675
DB00250	4325
DB00251	82980
DB00252	8107
DB00253	34829
DB00254	50845
DB00255	41922
DB00256	59040
DB00257	3764
DB00258	3310
DB00259	45373
DB00260	40009
DB00261	142290
DB00262	3423
DB00263	102484
DB00264	6904
DB00266	4513
DB00267	55490
DB00268	8888
DB00269	3641
DB00270	6073
DB00271	53691
DB00272	59170
DB00273	63631
DB00274	3489
DB00275	48416
DB00276	2687
DB00277	28177
DB00278	94385
DB00279	18258
DB00280	4657
DB00281	6456
DB00282	7903
DB00283	3738
DB00284	2376
DB00285	9943
DB00286	8389
DB00287	746859
DB00288	31199
DB00289	127342
DB00290	22907
DB00291	28830
DB00292	4910
DB00293	5847
DB00294	50777
DB00295	17303
DB00296	8890
DB00297	77431
DB00298	51066
DB00299	7956
DB00300	63717
DB00301	5098
DB00302	48669
DB00303	404903
DB00304	4453
DB00305	27504
DB00306	134923
DB00307	50859
DB00308	5856
DB00309	36373
DB00310	3654
DB00311	101096
DB00312	7983
DB00313	39867
DB00314	3371
DB00315	10124
DB00316	46195
DB00317	49668
DB00318	16714
DB00319	8232
DB00320	4562
DB00321	2666
DB00322	60761
DB00323	63630
DB00324	31625
DB00325	7596
DB00326	3314
DB00327	5790
DB00328	49662
DB00330	4877
DB00331	6801
DB00332	46659
DB00333	6807
DB00334	7735
DB00335	2904
DB00337	135888
DB00338	77260
DB00339	45285
DB00340	51024
DB00341	3561
DB00342	9453
DB00343	101278
DB00344	8597
DB00345	104011
DB00346	51141
DB00347	9727
DB00348	50378
DB00349	31413
DB00350	6942
DB00351	6723
DB00352	9555
DB00353	92607
DB00354	3205
DB00355	161680
DB00356	3655
DB00357	2654
DB00358	63681
DB00359	9328
DB00360	59560
DB00361	480999
DB00362	55346
DB00363	3766
DB00365	5543
DB00366	51380
DB00367	6443
DB00368	18357
DB00369	3696
DB00370	6950
DB00371	6761
DB00372	9544
DB00373	9599
DB00374	50861
DB00376	9720
DB00377	85161
DB00378	31527
DB00379	6916
DB00380	50223
DB00381	2668
DB00382	45980
DB00383	7868
DB00384	9671
DB00385	135876
DB00387	8448
DB00388	8093
DB00389	617099
DB00390	4551
DB00391	32168
DB00392	313639
DB00393	7575
DB00394	3002
DB00395	3419
DB00396	17026
DB00397	80680
DB00398	50924
DB00399	46557
DB00400	27779
DB00401	76917
DB00402	53760
DB00403	59219
DB00404	2611
DB00405	59269
DB00406	77181
DB00408	50841
DB00409	92948
DB00410	7025
DB00411	3385
DB00412	50122
DB00413	8356
DB00414	28052
DB00415	28971
DB00416	6901
DB00417	27446
DB00418	9073
DB00419	50381
DB00420	8459
DB00421	9241
DB00422	84276
DB00423	77498
DB00424	17486
DB00425	10125
DB00426	4974
DB00427	84116
DB00428	9288
DB00429	3404
DB00430	59213
DB00431	32888
DB00432	75179
DB00433	8435
DB00434	4046
DB00435	16480
DB00436	3013
DB00437	40279
DB00438	3508
DB00439	3558
DB00440	45924
DB00441	175901
DB00442	473990
DB00443	3077
DB00445	47898
DB00446	17698
DB00447	47544
DB00448	6375
DB00449	4646
DB00450	4717
DB00451	18332
DB00452	7508
DB00453	59589
DB00454	6754
DB00455	6538
DB00456	124991
DB00457	8364
DB00458	47499
DB00459	50173
DB00461	7443
DB00462	61276
DB00463	31827
DB00464	75273
DB00465	76223
DB00467	157175
DB00468	15854
DB00469	32192
DB00470	66964
DB00471	50730
DB00472	86990
DB00473	34791
DB00474	102216
DB00475	3611
DB00476	36795
DB00477	3647
DB00478	94440
DB00479	2637
DB00480	63791
DB00481	8772
DB00482	41423
DB00484	3175
DB00485	4511
DB00487	50199
DB00488	24564
DB00489	63622
DB00490	3223
DB00491	6935
DB00492	5163
DB00493	204928
DB00494	4798
DB00495	10110
DB00496	391960
DB00497	7852
DB00498	8066
DB00499	5132
DB00500	71941
DB00501	3699
DB00502	5613
DB00503	45409
DB00504	6431
DB00505	9701
DB00507	94807
DB00508	9711
DB00509	30659
DB00511	53773
DB00512	28001
DB00513	57826
DB00514	4470
DB00515	27899
DB00517	2739
DB00518	16664
DB00519	9649
DB00520	474180
DB00521	3437
DB00522	31263
DB00523	50648
DB00524	64354
DB00525	9620
DB00526	31941
DB00527	247956
DB00528	135930
DB00529	127780
DB00530	114785
DB00531	4027
DB00532	6757
DB00533	8887
DB00534	59445
DB00535	3485
DB00536	42820
DB00537	100241
DB00538	31644
DB00539	9635
DB00540	7640
DB00541	28445
DB00542	3011
DB00543	2675
DB00544	46345
DB00545	8665
DB00546	251412
DB00547	691037
DB00548	48131
DB00549	10100
DB00550	8502
DB00551	49029
DB00553	18358
DB00554	8249
DB00555	6367
DB00556	31980
DB00557	5818
DB00558	50663
DB00559	51450
DB00560	149836
DB00561	681848
DB00562	3047
DB00563	44185
DB00564	3387
DB00565	140621
DB00566	63623
DB00567	3534
DB00568	31403
DB00569	61033
DB00571	8499
DB00572	78734
DB00573	5004
DB00574	5000
DB00575	46632
DB00576	9331
DB00577	35854
DB00578	3393
DB00579	6702
DB00580	63634
DB00581	6359
DB00582	10023
DB00583	16347
DB00584	4784
DB00585	7601
DB00586	47381
DB00587	126598
DB00588	31441
DB00589	51164
DB00590	4708
DB00591	31623
DB00592	28568
DB00593	4887
DB00594	2639
DB00595	27701
DB00597	31643
DB00598	6343
DB00599	102166
DB00600	34380
DB00601	63607
DB00603	6716
DB00604	3720
DB00605	9352
DB00606	31448
DB00607	7447
DB00608	3638
DB00609	4885
DB00610	6794
DB00611	3242
DB00612	3127
DB00613	2674
DB00614	5195
DB00615	45367
DB00616	3353
DB00617	7921
DB00618	4392
DB00619	45783
DB00620	9667
DB00621	7820
DB00622	7550
DB00623	5123
DB00624	17347
DB00625	119486
DB00626	35862
DB00627	15940
DB00628	3761
DB00629	5553
DB00630	2567
DB00631	681569
DB00632	31000
DB00633	4466
DB00634	63845
DB00635	8382
DB00636	3750
DB00637	2896
DB00638	15443
DB00639	3240
DB00640	16335
DB00641	9150
DB00642	63616
DB00643	6704
DB00645	4724
DB00646	473992
DB00647	51173
DB00648	6954
DB00649	63581
DB00650	15640
DB00651	4728
DB00652	7982
DB00653	32599
DB00654	6384
DB00655	17263
DB00656	9654
DB00657	6706
DB00659	51041
DB00660	6797
DB00661	77733
DB00662	27796
DB00663	34764
DB00664	32162
DB00665	7573
DB00668	28918
DB00669	10650
DB00670	8247
DB00671	472657
DB00672	3650
DB00673	499361
DB00674	42944
DB00675	41774
DB00676	41237
DB00677	17941
DB00678	6541
DB00679	9566
DB00680	6997
DB00681	2682
DB00682	87732
DB00683	6931
DB00684	28864
DB00685	9763
DB00687	50885
DB00688	8764
DB00689	34613
DB00690	5128
DB00691	6960
DB00692	8081
DB00693	31624
DB00694	41977
DB00695	47426
DB00696	64318
DB00697	63629
DB00698	71415
DB00699	31902
DB00700	31547
DB00701	40050
DB00703	6822
DB00704	7465
DB00705	119573
DB00706	9398
DB00707	60652
DB00708	9316
DB00709	63577
DB00711	4527
DB00712	5130
DB00713	7809
DB00714	48538
DB00715	7936
DB00716	7492
DB00717	7627
DB00718	31175
DB00719	2946
DB00720	110423
DB00721	8430
DB00722	43755
DB00723	6839
DB00724	36704
DB00725	50373
DB00726	9738
DB00727	28787
DB00728	8884
DB00730	45979
DB00731	31897
DB00732	2915
DB00733	8354
DB00734	8871
DB00735	7451
DB00736	50275
DB00737	6709
DB00738	45081
DB00739	5683
DB00740	8863
DB00741	17650
DB00742	16899
DB00744	10112
DB00745	77585
DB00746	4356
DB00747	16794
DB00748	3398
DB00749	4909
DB00750	8404
DB00751	51032
DB00752	131512
DB00753	6015
DB00754	4888
DB00755	15367
DB00756	5693
DB00758	37941
DB00759	27902
DB00760	43968
DB00761	32588
DB00762	80630
DB00763	50673
DB00764	6970
DB00765	6912
DB00766	48947
DB00767	27662
DB00769	50851
DB00770	15544
DB00771	3743
DB00772	141474
DB00773	4911
DB00774	5784
DB00775	9605
DB00776	7824
DB00777	8491
DB00778	48935
DB00779	100147
DB00780	8060
DB00782	8481
DB00783	16469
DB00784	6717
DB00786	50662
DB00787	2453
DB00788	7476
DB00789	35778
DB00790	8024
DB00791	9884
DB00792	9741
DB00793	5614
DB00794	8412
DB00795	9334
DB00796	3348
DB00797	28502
DB00798	17833
DB00799	32184
DB00800	5002
DB00801	5603
DB00802	2569
DB00804	4514
DB00805	51038
DB00806	7986
DB00807	8485
DB00808	5893
DB00809	9757
DB00810	3112
DB00811	63580
DB00812	48574
DB00813	119915
DB00814	6741
DB00815	8984
DB00816	83329
DB00817	131715
DB00818	44915
DB00819	27690
DB00820	71940
DB00821	364453
DB00822	4659
DB00823	31580
DB00824	126237
DB00825	15409
DB00827	3716
DB00828	28915
DB00829	49575
DB00830	8067
DB00831	45951
DB00832	8079
DB00833	3478
DB00834	50692
DB00835	3183
DB00836	6532
DB00838	59582
DB00839	9613
DB00841	4670
DB00842	7823
DB00843	53289
DB00844	7454
DB00845	3749
DB00846	5127
DB00847	17141
DB00848	6432
DB00849	6758
DB00850	8028
DB00851	4305
DB00852	51209
DB00853	72564
DB00854	6444
DB00855	17549
DB00856	3642
DB00857	9448
DB00858	34838
DB00859	7959
DB00860	8378
DB00861	39669
DB00862	46295
DB00863	92246
DB00864	61049
DB00865	3044
DB00866	51211
DB00867	8872
DB00868	3032
DB00869	4702
DB00870	9362
DB00871	9449
DB00872	681850
DB14596	31784
DB00874	5551
DB00875	10454
DB00876	4814
DB00877	9168
DB00878	3614
DB00879	31536
DB00880	3640
DB00881	8713
DB00882	3752
DB00883	6061
DB00884	8869
DB00885	134936
DB00886	135660
DB00887	3213
DB00888	28925
DB00889	5537
DB00890	4518
DB00891	132842
DB00892	309594
DB00894	9460
DB00895	59297
DB00896	135566
DB00897	9674
DB00898	16236
DB00899	8802
DB00900	490877
DB00901	3133
DB00902	6823
DB00903	4876
DB00904	7773
DB00905	51230
DB00906	9586
DB00907	27958
DB00908	28593
DB00909	10127
DB00910	7931
DB00911	63627
DB00912	8805
DB00913	61203
DB00914	8064
DB00915	2618
DB00916	6909
DB00917	15551
DB00918	520985
DB00919	9215
DB00920	92511
DB00921	3216
DB00922	50567
DB00923	3495
DB00924	3996
DB00925	8077
DB00926	4913
DB00927	4975
DB00928	2038
DB00929	63610
DB00931	6805
DB00932	63628
DB00933	6780
DB00934	6690
DB00935	7862
DB00936	16914
DB00937	4530
DB00938	64064
DB00939	6710
DB00940	6817
DB00941	135804
DB00942	59692
DB00943	10101
DB00944	59719
DB00945	15365
DB00946	50438
DB00947	31638
DB00948	6919
DB00949	4995
DB00950	5050
DB00951	6030
DB00952	7478
DB00953	48273
DB00954	474014
DB00955	7528
DB00956	5779
DB00957	50815
DB00958	31355
DB00959	6888
DB00960	8214
DB00961	6759
DB00962	10102
DB00963	240107
DB00964	2788
DB00966	9434
DB00967	291342
DB00968	61058
DB00969	253342
DB00970	27666
DB00971	135934
DB00972	2950
DB00973	49040
DB00974	42191
DB00975	4653
DB00976	29688
DB00977	4903
DB00978	116278
DB00979	4024
DB00980	109549
DB00981	27953
DB00982	6067
DB00983	63082
DB00984	7468
DB00985	94848
DB00986	94449
DB00987	28680
DB00988	18243
DB00989	8874
DB00990	4953
DB00991	7822
DB00992	724125
DB00993	2948
DB00994	7507
DB00995	2922
DB00996	42797
DB00997	28748
DB00998	134991
DB00999	5778
DB01000	31444
DB01001	2549
DB01002	6149
DB01003	59773
DB01004	465284
DB01005	44423
DB01006	6413
DB01007	77898
DB01008	28901
DB01009	6128
DB01010	251408
DB01011	44241
DB01012	48390
DB01013	31414
DB01014	267413
DB01015	9332
DB01016	5441
DB01017	50694
DB01018	5558
DB01019	3084
DB01020	6062
DB01021	9683
DB01022	18067
DB01023	585948
DB01024	168396
DB01025	31205
DB01026	48339
DB01028	6843
DB01029	5959
DB01030	63632
DB01031	4884
DB01032	8426
DB01033	94796
DB01034	171741
DB01035	8428
DB01036	9622
DB01037	9086
DB01038	51235
DB01039	5001
DB01041	74947
DB01042	28876
DB01043	64312
DB01044	5280
DB01045	71365
DB01047	5109
DB01048	421707
DB01049	34706
DB01050	5855
DB01051	28368
DB01053	18208
DB01054	7582
DB01055	29063
DB01056	9611
DB01057	4753
DB01058	91583
DB01059	100246
DB01060	2676
DB01061	2956
DB01062	7856
DB01063	2401
DB01064	64317
DB01065	16796
DB01066	59343
DB01067	5384
DB01068	3756
DB01069	8461
DB01070	4591
DB01071	31821
DB01072	37924
DB01073	94701
DB01074	35553
DB01075	4636
DB01076	39548
DB01077	4907
DB01078	31468
DB01079	51043
DB01080	63638
DB01081	4639
DB01082	17076
DB01083	94686
DB01084	4779
DB01085	8207
DB01086	116735
DB01087	8405
DB01088	63916
DB01089	27478
DB01090	347401
DB01091	3238
DB01092	472805
DB01093	28262
DB01094	28230
DB01095	5136
DB01096	78416
DB01097	6402
DB01098	38545
DB01099	5100
DB01100	8212
DB01101	31348
DB01102	50580
DB01103	8711
DB01104	9123
DB01105	9137
DB01106	135679
DB01107	31837
DB01108	32260
DB01109	28304
DB01110	82892
DB01111	59662
DB01112	3515
DB01113	28241
DB01114	52010
DB01115	7565
DB01116	9728
DB01117	575568
DB01118	2663
DB01119	4495
DB01120	31654
DB01121	8049
DB01122	2627
DB01123	8452
DB01124	27999
DB01125	133809
DB01126	521033
DB01127	82873
DB01128	144093
DB01129	8768
DB01130	135791
DB01131	8455
DB01132	8228
DB01133	9598
DB01134	50782
DB01135	59819
DB01136	3441
DB01137	63598
DB01138	9342
DB01139	554446
DB01140	3479
DB01141	600520
DB01142	4710
DB01143	2636
DB01144	101085
DB01145	135651
DB01146	59788
DB01147	49566
DB01148	5088
DB01149	7494
DB01150	3506
DB01151	47781
DB01152	3349
DB01153	83682
DB01154	9536
DB01155	101853
DB01156	3219
DB01157	9737
DB01158	3172
DB01159	5615
DB01160	31502
DB01161	3636
DB01162	9445
DB01163	51208
DB01164	3312
DB01165	7731
DB01166	31401
DB01167	6076
DB01168	71417
DB01170	5557
DB01171	83531
DB01172	17630
DB01173	7789
DB01174	8069
DB01175	36791
DB01176	3994
DB01177	42068
DB01178	3619
DB01179	50305
DB01180	28572
DB01181	5864
DB01182	63619
DB01183	7459
DB01184	31515
DB01185	5120
DB01186	63617
DB01188	453011
DB01189	4445
DB01190	3745
DB01191	439329
DB01192	7865
DB01193	2379
DB01194	3176
DB01195	75984
DB01196	4868
DB01197	3380
DB01198	32315
DB01199	9774
DB01200	3181
DB01201	45304
DB01202	6437
DB01203	7444
DB01204	50729
DB01205	5103
DB01206	6520
DB01207	135542
DB01208	9212
DB01209	4474
DB01210	6438
DB01211	3732
DB01212	29007
DB01213	5141
DB01214	6897
DB01215	4858
DB01216	5062
DB01217	2704
DB01218	94392
DB01219	4317
DB01220	75246
DB01221	6121
DB01222	3207
DB01223	2659
DB01224	8707
DB01226	6958
DB01227	6441
DB01228	4788
DB01229	45863
DB01230	7953
DB01231	4638
DB01232	63621
DB01233	107736
DB01234	41879
DB01235	15765
DB01236	9130
DB01237	59177
DB01238	31236
DB01239	50931
DB01240	15552
DB01241	5296
DB01242	47780
DB01243	59477
DB01244	3061
DB01245	41934
DB01246	9725
DB01247	93635
DB01248	4672
DB01249	31705
DB01251	93416
DB01252	135349
DB01253	4822
DB01254	49375
DB01255	135925
DB01259	49603
DB01260	204734
DB01261	40237
DB01262	50131
DB01263	64355
DB01264	367163
DB01265	63624
DB01267	83804
DB01268	38940
DB01273	84500
DB01274	408174
DB01275	5775
DB01278	135922
DB01280	63612
DB01282	59204
DB01283	73044
DB01284	3901
DB01288	149226
DB01289	135731
DB01291	8245
DB01294	261649
DB01295	238698
DB01296	47977
DB01297	258351
DB01298	135230
DB01299	9329
DB01301	63334
DB01319	82941
DB01320	5165
DB01321	31739
DB01324	8327
DB01325	8717
DB01326	3480
DB01327	474053
DB01328	3491
DB01329	3493
DB01330	3499
DB01331	209807
DB01332	553473
DB01333	3547
DB01336	6900
DB01337	7907
DB01338	8230
DB01339	9939
DB01340	3698
DB01342	141552
DB01344	53278
DB01345	29103
DB01348	135756
DB01349	135666
DB01351	2673
DB01352	2791
DB01353	134884
DB01354	81297
DB01355	5706
DB01356	49713
DB01357	6784
DB01359	7954
DB01362	31709
DB01364	15407
DB01365	6755
DB01367	63620
DB01370	28984
DB01373	29320
DB01375	31197
DB01377	31794
DB01378	18420
DB01380	3897
DB01382	146188
DB01384	7922
DB01388	6920
DB01390	32139
DB01392	10093
DB01393	47612
DB01394	23359
DB01395	50838
DB01396	28544
DB01397	6640
DB01399	9014
DB01400	7514
DB01403	6838
DB01405	77796
DB01406	4315
DB01407	174690
DB01408	553827
DB01409	90960
DB01410	31397
DB01411	94810
DB01412	28946
DB01413	478164
DB01414	135437
DB01415	3510
DB01416	3504
DB01418	53766
DB01419	135841
DB01420	9466
DB01421	7934
DB01422	67121
DB01423	135129
DB01424	160246
DB01425	94316
DB01426	28462
DB01427	2686
DB01428	34283
DB01429	135370
DB01430	53778
DB01431	31189
DB01433	135491
DB01434	34187
DB01435	31225
DB01436	31186
DB01437	5439
DB01438	71416
DB01439	53763
DB01440	30830
DB01441	48282
DB01444	59781
DB01445	3210
DB01446	59020
DB01451	133930
DB01452	27808
DB01454	1391
DB01456	83865
DB01459	135794
DB01461	135396
DB01463	134895
DB01466	4902
DB01468	135149
DB01471	34583
DB01475	135489
DB01476	31666
DB01479	79878
DB01481	59714
DB01482	135451
DB01483	31252
DB01486	4109
DB01488	28969
DB01489	135570
DB01490	134792
DB01491	135479
DB01493	31578
DB01497	4912
DB01500	135210
DB01501	4534
DB01502	135386
DB01509	100592
DB01511	135295
DB01514	31640
DB01515	41001
DB01520	64610
DB01521	135372
DB01524	2710
DB01525	4743
DB01526	34386
DB01527	134826
DB01529	74274
DB01530	36713
DB01531	135119
DB01534	135097
DB01535	61084
DB01536	16422
DB01537	189669
DB01538	135453
DB01541	34584
DB01544	31622
DB01545	31573
DB01546	134838
DB01547	31951
DB01548	4650
DB01549	60805
DB01550	134837
DB01551	135276
DB01553	31426
DB01554	145661
DB01556	3646
DB01558	31302
DB01559	31425
DB01560	4110
DB01561	15994
DB01563	28142
DB01564	135356
DB01565	4575
DB01566	132234
DB01567	31618
DB01569	135456
DB01571	61092
DB01576	4469
DB01577	6809
DB01579	8059
DB01580	91704
DB01581	102130
DB01582	102265
DB01583	6485
DB01586	9907
DB01587	135556
DB01588	8362
DB01589	8694
DB01590	68478
DB01591	135530
DB01592	18248
DB01593	30185
DB01594	59514
DB01595	7581
DB01597	3697
DB01598	471744
DB01599	8427
DB01600	32221
DB01601	31781
DB01602	2968
DB01603	6827
DB01604	8255
DB01605	51210
DB01606	9421
DB01607	9587
DB01608	31981
DB01609	49005
DB01610	63635
DB01611	5801
DB01612	55344
DB01613	60072
DB01614	44932
DB01615	53770
DB01616	518413
DB01618	6965
DB01619	8065
DB01620	91591
DB01622	59120
DB01623	9571
DB01624	51364
DB01625	6043
DB01626	7930
DB01627	6472
DB01628	6339
DB01629	40154
DB01631	44499
DB01632	17111
DB01635	39764
DB01638	17924
DB01642	320055
DB01643	17013
DB01645	28088
DB01646	21557
DB01650	18125
DB01652	15500
DB01655	43824
DB01656	47657
DB01661	18263
DB01667	63486
DB01669	9997
DB01670	40116
DB01671	49644
DB01672	18026
DB01673	84726
DB01675	27754
DB01676	46053
DB01677	18012
DB01681	41089
DB01686	17929
DB01687	28085
DB01688	17847
DB01690	27775
DB01692	17456
DB01694	15672
DB01697	41753
DB01698	28527
DB01700	18406
DB01701	142469
DB01702	41941
DB01703	30735
DB01708	28689
DB01709	17835
DB01711	44903
DB01713	16082
DB01714	17604
DB01715	42085
DB01717	28898
DB01718	39561
DB01726	18112
DB01727	160
DB01728	73005
DB01729	18228
DB01731	78011
DB01733	45013
DB01735	17092
DB01738	17553
DB01739	85338
DB01744	15396
DB01746	28225
DB01747	83101
DB01749	42263
DB01750	32918
DB01751	131194
DB01752	16680
DB01756	41917
DB01758	27847
DB01759	43572
DB01762	15344
DB01774	15751
DB01775	16016
DB01776	17231
DB01779	17270
DB01780	51015
DB01782	90695
DB01783	46905
DB01785	16057
DB01786	15570
DB01790	84622
DB01791	47619
DB01794	30402
DB01795	44923
DB01796	16675
DB01800	41733
DB01811	27404
DB01812	17985
DB01816	27860
DB01818	65148
DB01819	44897
DB01822	42147
DB01828	16830
DB01833	609827
DB01837	17981
DB01839	16997
DB01844	17741
DB01847	41469
DB01849	15901
DB01851	45825
DB01852	28499
DB01853	30033
DB01856	30531
DB01857	15836
DB01859	16840
DB01860	52316
DB01861	46229
DB01862	61448
DB01863	16783
DB01864	43000
DB01872	44391
DB01873	29579
DB01874	16656
DB01875	40850
DB01878	41308
DB01880	16433
DB01885	15945
DB01889	40933
DB01892	5834
DB01902	44348
DB01909	40585
DB01910	45453
DB01911	44085
DB01914	42758
DB01915	41710
DB01917	17148
DB01919	84069
DB01920	90144
DB01923	16593
DB01925	49512
DB01927	42023
DB01930	15980
DB01931	107660
DB01936	145590
DB01937	74948
DB01942	30751
DB01944	75388
DB01952	29146
DB01954	104872
DB01955	41189
DB01956	507393
DB01957	38855
DB01960	43977
DB01961	53013
DB01962	37788
DB01966	47767
DB01971	30817
DB01972	17345
DB01976	40678
DB01979	43943
DB01982	16224
DB01983	40520
DB01985	40521
DB01987	45931
DB01990	41321
DB01992	15346
DB01993	44743
DB01995	74725
DB01996	39922
DB02007	17665
DB02010	15738
DB02015	15633
DB02016	101064
DB02019	33092
DB02022	16892
DB02023	63223
DB02024	28631
DB02025	28496
DB02029	41480
DB02030	16837
DB02031	15635
DB02034	9367
DB02035	43275
DB02043	60724
DB02044	90721
DB02045	74848
DB02052	43645
DB02053	17797
DB02054	42682
DB02055	44237
DB02056	15555
DB02060	17854
DB02061	17057
DB02066	42575
DB02070	57959
DB02073	17033
DB02074	41131
DB02076	48928
DB02078	44842
DB02082	78408
DB02083	58251
DB02085	18053
DB02086	30287
DB02087	42566
DB02092	41509
DB02095	27539
DB02097	17562
DB02100	55507
DB02109	43040
DB02113	40274
DB02114	43405
DB02115	42202
DB02116	44661
DB02119	44841
DB02121	50724
DB02123	36274
DB02124	60844
DB02125	22234
DB02127	77325
DB02129	17025
DB02130	16632
DB02133	18230
DB02134	17712
DB02137	71302
DB02142	18335
DB02145	28885
DB02147	46272
DB02152	43616
DB02153	16345
DB02156	16894
DB02159	28972
DB02163	518305
DB02166	51246
DB02167	77042
DB02169	44658
DB02170	77321
DB02174	17061
DB02175	30794
DB02176	49727
DB02178	16424
DB02180	15532
DB02181	16497
DB02184	42170
DB02186	44395
DB02187	42309
DB02190	44712
DB02192	49000
DB02196	67168
DB02201	15792
DB02202	52688
DB02203	15348
DB02209	28803
DB02210	43078
DB02216	45658
DB02224	17948
DB02228	49145
DB02230	43467
DB02232	18135
DB02235	58773
DB02236	18349
DB02237	28460
DB02238	33574
DB02239	45630
DB02240	37595
DB02249	46788
DB02251	44788
DB02253	39930
DB02255	137236
DB02256	16450
DB02261	44811
DB02262	16742
DB02263	29052
DB02264	43453
DB02265	48788
DB02266	42638
DB02272	17381
DB02274	149468
DB02277	47249
DB02279	18280
DB02280	17656
DB02281	42452
DB02282	17509
DB02285	15430
DB02289	17475
DB02296	15837
DB02299	40477
DB02300	50749
DB02302	61914
DB02304	28099
DB02305	41893
DB02306	73002
DB02312	41076
DB02314	46143
DB02315	16356
DB02317	17973
DB02321	90364
DB02322	43053
DB02325	17824
DB02327	44926
DB02333	17625
DB02334	48291
DB02335	40889
DB02338	16474
DB02340	45441
DB02342	28955
DB02343	44751
DB02345	16633
DB02348	42699
DB02353	42917
DB02362	30753
DB02365	44975
DB02368	49002
DB02371	44356
DB02375	18152
DB02377	16235
DB02379	15903
DB02380	28997
DB02383	48549
DB02397	53608
DB02399	45530
DB02403	27526
DB02405	49519
DB02406	17418
DB02412	46941
DB02414	90039
DB02416	45448
DB02417	47696
DB02418	75460
DB02424	5292
DB02428	18386
DB02430	18283
DB02431	17677
DB02434	40114
DB02446	75305
DB02448	45919
DB02452	18077
DB02453	49870
DB02458	8927
DB02459	125204
DB02460	17926
DB02464	40538
DB02467	49031
DB02470	43786
DB02475	15426
DB02481	41117
DB02485	16556
DB02486	43136
DB02494	43065
DB02496	16493
DB02497	64945
DB02500	41485
DB02501	17705
DB02502	40304
DB02509	42680
DB02512	49093
DB02513	27607
DB02515	15978
DB02516	41482
DB02517	15966
DB02518	40992
DB02521	42646
DB02522	30935
DB02527	17489
DB02530	59888
DB02531	16135
DB02534	39826
DB02536	17378
DB02543	36751
DB02545	80003
DB02546	45716
DB02547	17661
DB02548	17044
DB02550	47628
DB02552	17211
DB02554	15855
DB02556	57981
DB02557	45353
DB02561	48645
DB02562	43120
DB02563	27540
DB02565	125562
DB02567	49791
DB02571	58321
DB02579	18308
DB02580	44934
DB02581	47417
DB02587	42471
DB02590	59992
DB02591	15890
DB02594	15698
DB02596	35056
DB02600	73139
DB02601	50418
DB02606	35686
DB02609	18336
DB02613	41899
DB02621	69136
DB02622	44493
DB02624	30657
DB02632	355715
DB02638	135905
DB02640	48635
DB02646	50722
DB02648	39547
DB02649	43991
DB02650	48814
DB02654	40260
DB02655	17364
DB02656	65329
DB02657	15873
DB02659	16359
DB02660	697724
DB02662	40326
DB02663	142854
DB02665	131517
DB02671	113454
DB02676	40947
DB02678	39610
DB02679	16698
DB02680	51397
DB02688	17123
DB02690	75399
DB02691	29746
DB02693	41837
DB02699	44597
DB02701	17154
DB02703	29013
DB02709	45713
DB02710	17455
DB02712	102029
DB02713	40410
DB02714	28895
DB02716	50226
DB02721	45260
DB02726	17150
DB02731	33214
DB02733	49840
DB02736	49028
DB02738	40096
DB02740	33070
DB02743	41034
DB02745	16704
DB02746	29069
DB02749	45165
DB02751	57742
DB02756	45141
DB02757	17241
DB02758	43580
DB02761	58591
DB02767	42539
DB02772	17992
DB02774	16109
DB02776	43043
DB02777	60273
DB02779	41378
DB02788	15687
DB02789	16581
DB02793	29780
DB02795	40813
DB02800	45981
DB02806	46790
DB02810	43960
DB02811	41962
DB02817	15398
DB02821	145769
DB02823	15732
DB02831	39745
DB02832	28599
DB02835	18148
DB02838	39785
DB02843	29042
DB02846	45171
DB02850	40290
DB02852	34727
DB02853	16313
DB02854	28195
DB02857	16750
DB02859	9200
DB02867	35374
DB02877	75261
DB02888	39485
DB02891	81783
DB02893	57932
DB02896	44081
DB02897	15350
DB02899	41696
DB02900	43896
DB02901	16330
DB02902	17980
DB02910	15533
DB02912	15539
DB02918	46548
DB02921	45586
DB02923	16205
DB02924	35669
DB02925	32015
DB02930	27575
DB02932	39589
DB02935	46784
DB02938	45571
DB02942	18225
DB02945	43394
DB02946	47351
DB02947	39723
DB02948	443725
DB02951	30841
DB02952	27971
DB02955	28592
DB02956	45147
DB02957	15842
DB02959	58266
DB02961	16055
DB02962	41275
DB02966	42549
DB02967	44485
DB02969	17957
DB02975	29584
DB02982	41200
DB02983	49823
DB02994	48765
DB02995	42939
DB02998	379896
DB02999	8734
DB03002	43521
DB03006	49477
DB03010	31550
DB03013	50670
DB03017	30805
DB03018	39901
DB03025	46735
DB03026	28475
DB03028	46117
DB03037	44492
DB03040	44557
DB03041	17200
DB03044	40953
DB03048	46371
DB03053	44158
DB03054	38682
DB03056	40117
DB03057	566274
DB03059	15345
DB03066	42111
DB03068	46938
DB03071	44061
DB03074	45075
DB03084	47188
DB03085	17497
DB03088	18183
DB03095	46020
DB03101	16300
DB03103	18075
DB03106	10642
DB03107	57966
DB03108	49003
DB03110	47083
DB03111	27625
DB03120	27849
DB03127	41033
DB03128	15355
DB03134	44387
DB03138	49706
DB03142	28772
DB03143	35986
DB03144	43088
DB03145	17857
DB03147	16238
DB03148	40730
DB03151	33730
DB03153	44995
DB03156	28860
DB03158	17816
DB03163	15881
DB03166	15366
DB03169	43074
DB03170	15468
DB03171	28162
DB03172	48267
DB03174	18124
DB03175	28831
DB03177	40205
DB03184	46486
DB03192	74405
DB03193	28842
DB03201	35236
DB03203	16393
DB03204	44549
DB03205	18315
DB03206	44369
DB03209	30863
DB03214	43858
DB03215	45757
DB03222	16284
DB03223	15949
DB03225	16296
DB03226	42330
DB03227	50383
DB03229	48430
DB03232	40407
DB03237	42819
DB03246	28272
DB03247	17621
DB03252	16855
DB03253	44632
DB03255	15882
DB03258	16311
DB03259	49509
DB03260	39618
DB03264	15521
DB03266	64276
DB03270	42429
DB03277	27931
DB03278	42090
DB03283	42589
DB03285	310312
DB03295	16613
DB03298	37548
DB03300	43955
DB03302	47617
DB03303	45626
DB03304	45126
DB03309	44302
DB03310	17858
DB03313	15776
DB03315	28072
DB03316	47032
DB03317	60562
DB03320	84374
DB03322	8736
DB03323	17306
DB03328	47566
DB03329	45223
DB03345	41218
DB03346	35434
DB03347	45927
DB03350	30027
DB03354	44722
DB03357	32800
DB03359	44394
DB03360	21560
DB03361	43195
DB03362	43997
DB03364	137948
DB03366	16069
DB03368	43179
DB03369	50475
DB03374	15768
DB03380	21412
DB03381	17600
DB03382	41630
DB03385	40035
DB03389	28518
DB03394	44748
DB03395	4787
DB03397	16264
DB03401	16595
DB03402	73131
DB03403	17361
DB03404	50385
DB03407	16318
DB03408	17515
DB03410	40070
DB03413	28850
DB03415	41611
DB03416	37574
DB03419	17568
DB03423	77028
DB03429	62861
DB03430	16660
DB03432	49097
DB03434	39076
DB03435	17659
DB03440	39540
DB03444	86290
DB03448	46322
DB03454	18404
DB03460	35288
DB03461	44409
DB03462	17821
DB03467	17846
DB03470	17842
DB03473	58200
DB03474	45457
DB03475	45265
DB03484	57952
DB03485	42564
DB03489	75840
DB03491	28862
DB03493	20794
DB03496	47344
DB03497	15829
DB03499	30796
DB03500	42394
DB03501	67119
DB03511	33885
DB03514	42438
DB03515	34739
DB03517	18071
DB03518	17710
DB03528	46515
DB03533	37083
DB03541	3258
DB03542	58401
DB03544	22066
DB03548	43577
DB03550	18165
DB03552	44303
DB03553	17859
DB03554	43636
DB03559	17945
DB03560	17597
DB03564	44224
DB03566	16610
DB03567	40356
DB03568	30772
DB03575	8058
DB03581	17733
DB03582	27574
DB03585	76258
DB03587	17158
DB03588	41967
DB03589	30842
DB03590	57609
DB03593	17825
DB03594	46077
DB03600	30813
DB03601	28777
DB03603	16002
DB03606	59540
DB03608	81724
DB03610	42578
DB03611	40719
DB03612	37050
DB03614	28115
DB03615	45257
DB03619	28834
DB03623	40444
DB03627	40519
DB03635	42465
DB03636	42843
DB03640	17576
DB03644	15793
DB03645	44692
DB03646	34227
DB03647	43541
DB03651	46149
DB03652	47954
DB03656	9678
DB03659	43799
DB03660	44964
DB03661	17285
DB03668	41150
DB03671	42098
DB03675	27512
DB03679	74690
DB03680	17649
DB03685	16695
DB03686	87407
DB03687	16578
DB03688	33404
DB03690	52360
DB03693	47322
DB03694	46261
DB03696	16521
DB03699	15380
DB03700	58645
DB03701	64089
DB03703	18099
DB03704	39567
DB03708	17709
DB03709	39066
DB03716	12060
DB03720	18820
DB03721	49026
DB03722	41928
DB03723	15774
DB03725	1963
DB03726	45262
DB03727	28421
DB03728	30747
DB03733	27789
DB03740	44278
DB03741	45525
DB03750	28484
DB03751	15700
DB03754	9754
DB03756	28125
DB03758	556075
DB03759	93492
DB03760	45230
DB03761	2129
DB03765	28507
DB03766	30768
DB03770	43089
DB03773	42606
DB03775	42280
DB03776	18041
DB03779	44230
DB03780	85558
DB03781	145403
DB03783	8050
DB03785	82985
DB03790	87824
DB03791	79995
DB03793	30746
DB03795	17094
DB03796	15756
DB03798	15918
DB03799	43978
DB03800	17622
DB03801	43575
DB03808	87184
DB03811	57699
DB03814	39005
DB03817	48950
DB03819	45615
DB03822	42383
DB03823	42255
DB03825	52672
DB03826	46252
DB03829	18116
DB03836	49916
DB03839	58570
DB03843	16842
DB03847	61936
DB03848	32404
DB03852	27961
DB03853	45558
DB03854	18127
DB03859	42896
DB03864	45619
DB03866	27647
DB03867	44454
DB03868	17947
DB03882	18329
DB03884	30851
DB03886	41183
DB03895	44107
DB03896	39949
DB03897	32980
DB03900	45895
DB03902	16995
DB03904	16199
DB03909	40532
DB03911	59275
DB03912	4222
DB03913	16848
DB03915	40673
DB03921	91198
DB03926	40836
DB03929	16523
DB03930	41149
DB03934	28783
DB03937	48153
DB03938	18229
DB03940	18058
DB03941	34438
DB03943	74337
DB03945	18132
DB03946	36062
DB03947	16880
DB03951	15784
DB03961	18425
DB03967	45599
DB03968	43533
DB03974	27747
DB03975	28886
DB03976	44052
DB03977	17311
DB03978	46209
DB03989	4093
DB03991	28062
DB03993	74903
DB03994	16000
DB03995	495055
DB03997	16996
DB03999	41384
DB04005	15713
DB04014	138488
DB04017	3763
DB04022	17633
DB04023	85507
DB04026	15742
DB04027	15816
DB04028	59988
DB04029	21371
DB04034	16332
DB04038	16933
DB04045	15465
DB04046	17540
DB04049	41487
DB04051	40131
DB04052	39839
DB04053	44951
DB04059	46311
DB04062	27442
DB04066	32374
DB04070	16089
DB04072	15607
DB04074	16530
DB04075	17533
DB04076	17368
DB04079	43208
DB04083	134066
DB04084	49148
DB04093	46202
DB04094	41268
DB04099	18304
DB04100	49851
DB04104	38635
DB04106	131854
DB04115	16118
DB04116	36229
DB04120	17254
DB04122	17719
DB04127	40438
DB04129	57543
DB04132	27704
DB04137	15996
DB04139	43299
DB04143	51793
DB04145	45213
DB04147	131762
DB04149	40133
DB04151	50599
DB04153	48926
DB04160	29888
DB04161	45422
DB04165	74562
DB04166	30754
DB04167	21553
DB04168	31307
DB04173	43703
DB04177	42219
DB04179	35260
DB04183	30860
DB04185	18314
DB04189	57304
DB04193	15699
DB04194	71404
DB04196	37066
DB04198	42654
DB04200	6698
DB04202	29608
DB04203	49484
DB04207	16927
DB04208	44235
DB04209	41872
DB04212	44400
DB04214	17440
DB04216	16243
DB04223	27960
DB04224	27997
DB04228	75204
DB04233	41323
DB04242	30763
DB04243	77120
DB04248	40896
DB04250	41055
DB04252	15859
DB04256	43876
DB04257	28716
DB04261	28616
DB04265	45744
DB04267	46837
DB04272	30769
DB04274	41888
DB04275	17697
DB04276	30270
DB04277	47947
DB04279	35114
DB04282	49132
DB04284	35280
DB04286	27476
DB04291	31755
DB04297	46024
DB04299	18300
DB04300	16155
DB04304	16154
DB04308	15695
DB04312	41883
DB04314	39624
DB04315	17552
DB04320	49514
DB04325	18397
DB04326	16108
DB04327	44887
DB04328	17052
DB04329	16092
DB04331	75384
DB04333	73112
DB04334	36076
DB04335	17596
DB04337	44177
DB04338	82713
DB04339	16163
DB04342	94604
DB04343	16891
DB04345	37323
DB04346	44800
DB04347	30918
DB04348	28865
DB04349	29002
DB04351	16383
DB04352	45425
DB04357	40856
DB04362	139151
DB04364	15686
DB04365	2814
DB04370	27891
DB04372	42027
DB04376	45127
DB04377	16831
DB04380	17536
DB04381	41607
DB04386	61745
DB04388	58066
DB04398	78320
DB04400	43029
DB04401	15710
DB04408	29655
DB04409	44434
DB04411	47325
DB04417	16836
DB04418	15919
DB04419	42101
DB04422	58199
DB04425	17001
DB04429	41965
DB04436	46534
DB04440	18255
DB04441	39740
DB04444	30111
DB04445	49659
DB04447	42106
DB04454	28797
DB04455	41139
DB04456	49900
DB04457	16192
DB04459	109540
DB04461	15439
DB04464	16552
DB04465	17716
DB04466	77317
DB04467	44770
DB04468	44616
DB04473	42548
DB04474	39708
DB04481	17113
DB04482	86284
DB04483	49152
DB04484	45086
DB04485	17748
DB04493	15946
DB04499	45389
DB04500	46171
DB04501	41341
DB04503	46068
DB04506	27888
DB04510	17794
DB04517	42121
DB04519	28837
DB04520	6631
DB04522	15811
DB04524	15531
DB04526	42976
DB04527	58850
DB04528	42017
DB04529	47395
DB04530	74104
DB04531	145803
DB04532	16881
DB04537	16533
DB04538	47980
DB04539	27744
DB04540	16113
DB04551	28013
DB04552	34888
DB04553	30831
DB04555	17239
DB04557	15843
DB04562	45969
DB04564	16217
DB04566	17202
DB04568	142416
DB04569	3057
DB04570	599928
DB04571	28329
DB04572	9570
DB04573	27974
DB04574	17474
DB04575	8716
DB04576	31810
DB04577	39505
DB04578	39484
DB04599	47943
DB04604	40167
DB04619	27632
DB04620	40547
DB04622	28483
DB04626	2790
DB04630	27584
DB04638	41094
DB04640	41070
DB04646	19371
DB04652	16827
DB04657	3405
DB04660	16870
DB04661	41539
DB04665	28794
DB04676	42024
DB04678	42088
DB04679	59296
DB04681	610092
DB04688	31529
DB04690	27656
DB04699	42639
DB04701	141473
DB04703	28775
DB04705	42977
DB04706	42989
DB04711	31176
DB04713	43422
DB04714	16584
DB04716	87103
DB04726	43661
DB04728	71961
DB04729	27784
DB04734	17626
DB04735	17615
DB04736	46763
DB04737	36941
DB04741	25461
DB04743	44445
DB04744	44401
DB04745	18289
DB04746	44526
DB04747	44602
DB04750	44777
DB04751	47600
DB04761	593538
DB04768	45395
DB04778	45412
DB04780	76069
DB04781	45564
DB04784	45616
DB04785	45773
DB04786	45906
DB04794	78692
DB04797	46746
DB04801	50464
DB04805	46416
DB04806	75501
DB04808	7489
DB04812	76114
DB04813	3131
DB04814	135861
DB04815	74460
DB04816	3682
DB04817	62088
DB04818	5958
DB04819	6820
DB04820	94510
DB04821	116225
DB04822	135424
DB04823	135358
DB04824	34914
DB04825	8397
DB04826	135187
DB04827	17967
DB04828	35859
DB04829	6605
DB04830	3209
DB04831	9590
DB04832	135357
DB04833	6821
DB04834	135845
DB04835	63608
DB04836	32499
DB04837	135207
DB04838	3988
DB04839	50743
DB04840	34665
DB04841	135652
DB04842	93369
DB04843	94411
DB04844	64028
DB04845	63605
DB04846	94461
DB04847	132774
DB04849	94782
DB04851	135847
DB04854	31596
DB04855	50659
DB04856	135747
DB04858	78887
DB04861	64019
DB04863	60634
DB04864	78330
DB04865	71019
DB04867	92624
DB04868	52172
DB04871	65353
DB04876	135285
DB04878	32300
DB04879	90620
DB04880	135010
DB04884	135962
DB04886	65552
DB04890	71204
DB04896	135005
DB04898	65172
DB04905	93414
DB04908	90865
DB04910	92907
DB04911	82699
DB04918	140407
DB04920	135738
DB04924	94809
DB04930	34911
DB04933	68609
DB04936	47693
DB04938	73275
DB04942	32181
DB04944	28498
DB04945	35143
DB04946	65173
DB04947	135696
DB04948	51368
DB04951	32016
DB04953	68584
DB04960	141969
DB04961	134886
DB04967	51052
DB04972	135883
DB04977	90205
DB04982	34992
DB04996	85609
DB05013	66913
DB05015	61076
DB05016	94805
DB05018	135923
DB05022	94661
DB05038	138828
DB05039	68575
DB05057	135014
DB05076	42588
DB05088	30703
DB05095	76127
DB05100	138885
DB05109	84050
DB05128	84073
DB05134	64153
DB05137	48723
DB05168	134736
DB05219	134677
DB05220	125628
DB05223	95071
DB05232	9506
DB05239	90851
DB05245	9142
DB05246	6846
DB05252	5008
DB05262	28315
DB05265	135593
DB05266	31684
DB05271	135351
DB05288	31215
DB05289	38666
DB05294	49960
DB05295	73927
DB05316	133017
DB05351	135931
DB05377	82155
DB05381	18295
DB05382	17606
DB05383	40618
DB05412	90683
DB05416	73726
DB05424	61399
DB05428	50161
DB05442	135783
DB05448	94291
DB05450	28933
DB05465	90237
DB05470	94489
DB05482	8988
DB05501	138865
DB05511	73286
DB05521	68595
DB05524	38927
DB05541	133013
DB05552	94691
DB05575	51098
DB05626	71975
DB05630	28148
DB05659	134710
DB05667	47518
DB05668	80566
DB05676	78540
DB05683	31683
DB05719	79369
DB05767	65408
DB05779	73512
DB05786	135002
DB05791	38803
DB05804	16814
DB05812	68642
DB05913	91433
DB05969	91399
DB05974	3918
DB05984	91451
DB05990	43602
DB06016	90933
DB06061	91424
DB06134	94720
DB06144	9122
DB06145	85260
DB06147	9337
DB06148	51137
DB06149	29687
DB06150	32161
DB06151	28939
DB06152	91656
DB06153	50212
DB06154	25879
DB06155	34967
DB06159	90225
DB06160	131716
DB06174	73237
DB06176	61080
DB06179	94295
DB06185	43362
DB06188	94692
DB06190	141346
DB06193	135945
DB06195	45307
DB06196	68556
DB06199	135810
DB06201	134966
DB06203	72323
DB06204	135935
DB06206	90953
DB06207	135929
DB06209	87723
DB06210	85010
DB06211	135928
DB06213	135613
DB06215	50821
DB06216	71253
DB06217	135956
DB06218	135939
DB06219	82721
DB06228	68579
DB06230	7457
DB06233	79700
DB06235	75934
DB06237	66876
DB06243	41948
DB06246	64212
DB06247	34605
DB06255	135189
DB06261	134892
DB06262	31524
DB06263	135779
DB06264	93835
DB06266	50138
DB06267	135926
DB06268	135736
DB06272	31801
DB06274	135686
DB06281	49203
DB06282	94559
DB06287	79699
DB06288	64045
DB06290	134743
DB06292	85078
DB06306	140592
DB06314	90624
DB06334	135918
DB06335	71272
DB06358	131751
DB06365	145429
DB06370	145431
DB06393	48520
DB06395	76005
DB06401	135947
DB06402	71229
DB06403	135949
DB06408	134989
DB06409	80581
DB06410	4712
DB06412	7864
DB06413	77590
DB06414	63589
DB06419	29506
DB06436	91083
DB06440	143825
DB06441	90841
DB06446	138033
DB06448	47097
DB06455	125516
DB06458	91654
DB06461	80765
DB06470	92875
DB06472	73266
DB06479	32061
DB06480	135552
DB06486	91368
DB06527	1457
DB06530	36706
DB06535	135971
DB06543	40968
DB06554	34373
DB06581	65484
DB06586	134721
DB06589	71219
DB06590	70718
DB06594	134990
DB06595	63452
DB06600	136053
DB06603	85990
DB06605	72296
DB06608	141487
DB06614	85202
DB06616	39112
DB06623	94646
DB06626	66910
DB06629	94573
DB06634	135967
DB06636	85978
DB06637	34385
DB06641	67272
DB06652	94843
DB06654	134718
DB06655	71193
DB06663	72312
DB06669	134082
DB06682	76254
DB06683	135964
DB06684	70707
DB06685	134738
DB06690	17045
DB06691	6762
DB06693	34848
DB06694	10082
DB06695	70746
DB06696	37922
DB06697	195280
DB06698	35677
DB06699	135961
DB06700	83527
DB06701	51860
DB06702	135920
DB06703	68841
DB06704	92769
DB06706	134765
DB06707	10304
DB06708	156095
DB06709	6804
DB06710	27436
DB06711	93363
DB06712	31911
DB06713	135398
DB06714	134783
DB06715	8346
DB06716	135193
DB06717	64321
DB06718	9249
DB06723	33130
DB06724	3311
DB06725	31783
DB06726	34593
DB06727	28827
DB06728	17296
DB06729	77780
DB06730	135323
DB06732	77013
DB06733	22689
DB06736	31159
DB06737	32306
DB06738	6125
DB06739	32126
DB06742	135590
DB06743	5355
DB06748	77152
DB06749	67989
DB06750	67987
DB06751	135630
DB06753	9695
DB06755	17579
DB06756	17750
DB06757	29035
DB06762	91706
DB06763	135894
DB06764	28674
DB06766	71023
DB06767	31206
DB06769	135515
DB06770	17987
DB06771	135622
DB06772	63584
DB06774	3374
DB06775	71028
DB06777	16755
DB06778	23414
DB06780	34671
DB06781	31485
DB06782	64198
DB06783	30069
DB06784	31645
DB06785	135910
DB06786	31663
DB06787	5707
DB06788	63530
DB06789	5812
DB06793	51174
DB06794	135333
DB06795	6633
DB06797	31804
DB06799	6824
DB06801	84309
DB06802	75922
DB06803	7553
DB06804	53775
DB06807	114203
DB06809	125354
DB06810	31856
DB06811	46859
DB06812	8347
DB06813	71223
DB06814	135413
DB06815	36584
DB06816	8687
DB06819	41500
DB06820	77776
DB06821	53727
DB06823	32229
DB06824	39501
DB06825	63633
DB06826	39455
DB06827	15782
DB06838	49339
DB06864	39564
DB06867	39576
DB06873	39579
DB06876	39634
DB06880	39637
DB06894	28878
DB06902	35092
DB06906	39721
DB06920	140420
DB06922	92659
DB06926	34154
DB06955	59196
DB06973	33216
DB06987	55352
DB06988	39866
DB06999	90295
DB07002	95013
DB07052	74046
DB07067	39955
DB07069	70824
DB07072	39959
DB07096	40071
DB07101	88249
DB07109	27794
DB07118	17224
DB07127	40118
DB07138	90528
DB07145	40083
DB07155	40149
DB07159	91348
DB07184	62748
DB07217	40300
DB07232	62880
DB07267	143120
DB07268	40332
DB07297	40432
DB07301	27543
DB07302	34496
DB07329	40413
DB07331	40443
DB07338	73172
DB07340	70723
DB07348	48080
DB07352	18388
DB07356	40697
DB07371	40677
DB07373	40799
DB07374	338412
DB07375	16985
DB07381	40741
DB07391	40893
DB07392	15930
DB07401	40909
DB07402	38010
DB07418	3122
DB07423	94760
DB07425	79988
DB07437	41037
DB07441	40940
DB07447	2150
DB07453	76995
DB07457	41059
DB07459	41135
DB07460	91452
DB07477	31597
DB07482	41285
DB07495	47273
DB07496	41320
DB07498	41198
DB07506	41241
DB07517	41254
DB07536	134107
DB07551	48786
DB07552	48790
DB07557	30154
DB07558	2423
DB07565	3606
DB07567	41593
DB07573	41617
DB07585	90625
DB07588	41625
DB07594	41656
DB07601	90529
DB07610	17435
DB07615	77572
DB07621	41804
DB07623	41814
DB07628	93430
DB07635	34365
DB07637	28335
DB07640	52020
DB07645	41865
DB07651	47379
DB07661	42040
DB07662	131504
DB07672	59555
DB07674	28006
DB07692	93004
DB07697	92774
DB07701	53292
DB07702	42156
DB07703	29461
DB07705	82872
DB07706	28744
DB07711	63059
DB07715	42223
DB07716	59526
DB07718	15999
DB07720	4803
DB07726	78886
DB07743	42403
DB07764	42492
DB07767	17620
DB07768	42534
DB07775	47414
DB07776	42491
DB07778	106738
DB07780	17407
DB07794	91383
DB07795	42567
DB07802	109100
DB07806	42719
DB07810	17276
DB07811	90544
DB07814	28833
DB07815	32902
DB07816	385425
DB07820	42702
DB07833	49627
DB07835	90527
DB07841	15831
DB07859	82708
DB07863	79993
DB07870	47454
DB07876	88220
DB07880	64341
DB07881	43081
DB07883	71545
DB07892	43060
DB07893	43012
DB07896	32802
DB07909	43278
DB07918	28362
DB07919	28121
DB07930	43197
DB07938	131753
DB07941	82715
DB07943	82712
DB07950	16411
DB07951	21484
DB07952	90332
DB07954	34795
DB07970	91325
DB07992	43355
DB07995	47495
DB07996	43385
DB07997	43561
DB08009	132084
DB08023	78508
DB08024	43666
DB08052	50915
DB08059	52289
DB08073	91351
DB08074	9658
DB08078	94812
DB08079	90626
DB08080	49703
DB08098	43741
DB08120	43711
DB08142	91326
DB08167	43830
DB08168	51771
DB08188	44143
DB08190	109558
DB08209	49770
DB08215	44156
DB08230	507499
DB08231	28875
DB08238	44188
DB08254	44229
DB08262	44460
DB08264	44343
DB08265	83945
DB08283	76399
DB08286	44588
DB08289	44598
DB08294	546274
DB08295	44515
DB08296	44480
DB08297	44419
DB08313	34892
DB08319	44576
DB08323	44612
DB08324	44534
DB08326	16792
DB08327	44747
DB08329	32171
DB08332	44592
DB08342	22065
DB08349	82714
DB08357	44664
DB08373	49809
DB08377	45002
DB08388	45030
DB08394	44930
DB08398	76290
DB08399	28814
DB08407	68236
DB08409	63748
DB08410	44939
DB08411	59565
DB08412	45068
DB08413	44940
DB08424	45116
DB08427	84387
DB08437	17939
DB08439	73038
DB08454	78544
DB08466	4582
DB08472	86991
DB08496	87737
DB08510	62043
DB08517	28927
DB08530	45565
DB08541	31034
DB08542	15896
DB08544	86992
DB08547	45496
DB08550	160129
DB08562	45573
DB08587	15714
DB08589	45820
DB08597	78510
DB08601	27086
DB08603	9640
DB08604	164200
DB08618	273574
DB08620	39176
DB08621	32215
DB08624	45993
DB08632	46032
DB08633	90748
DB08634	45910
DB08635	46151
DB08636	59354
DB08647	46099
DB08649	46144
DB08652	16031
DB08653	16765
DB08660	37495
DB08688	17700
DB08689	46234
DB08690	46372
DB08705	86453
DB08711	46477
DB08719	47727
DB08720	10028
DB08723	10029
DB08726	3846
DB08730	46552
DB08741	131752
DB08744	3452
DB08756	75393
DB08761	65063
DB08766	82602
DB08768	17660
DB08770	92361
DB08794	135659
DB08795	51758
DB08796	135635
DB08797	32114
DB08798	55548
DB08799	84115
DB08800	94767
DB08801	135222
DB08802	135183
DB08803	134947
DB08804	7467
DB08805	6896
DB08806	94758
DB08807	143782
DB08808	135123
DB08809	36386
DB08810	135642
DB08811	32241
DB08814	94721
DB08815	70735
DB08816	68558
DB08819	66899
DB08820	66901
DB08822	68845
DB08823	39211
DB08824	68855
DB08826	68554
DB08827	72297
DB08828	66903
DB08830	27956
DB08831	15866
DB08833	16525
DB08834	80774
DB08835	135289
DB08836	135771
DB08837	44296
DB08838	17431
DB08839	28790
DB08840	64399
DB08841	15760
DB08842	57589
DB08844	17775
DB08845	30915
DB08846	4775
DB08847	18095
DB08848	5576
DB08849	222169
DB08855	16978
DB08860	32020
DB08861	73356
DB08864	68606
DB08865	64310
DB08867	71025
DB08868	63115
DB08869	63626
DB08871	63587
DB08872	68840
DB08873	68621
DB08874	68590
DB08875	72317
DB08877	66919
DB08878	22526
DB08880	68540
DB08881	63637
DB08882	68610
DB08883	71013
DB08887	84883
DB08889	65347
DB08890	68551
DB08893	65349
DB08894	66895
DB08895	71200
DB08896	68647
DB08897	65346
DB08899	68534
DB08900	72305
DB08901	78543
DB08903	72292
DB08905	75172
DB08906	74899
DB08907	73274
DB08908	76004
DB08909	134745
DB08910	72690
DB08911	75998
DB08912	75045
DB08913	74895
DB08916	61390
DB08918	136040
DB08921	15382
DB08922	94777
DB08924	135924
DB08926	135300
DB08927	92913
DB08928	135465
DB08930	76010
DB08931	76018
DB08932	76607
DB08933	34825
DB08934	85083
DB08936	94402
DB08939	88271
DB08940	31749
DB08942	76163
DB08943	83667
DB08945	31716
DB08946	5951
DB08947	31711
DB08948	31703
DB08949	31699
DB08950	135470
DB08951	76162
DB08953	134939
DB08954	93829
DB08955	76160
DB08956	86384
DB08958	94339
DB08960	5700
DB08961	31248
DB08962	135545
DB08964	135626
DB08966	135636
DB08967	135616
DB08968	135639
DB08969	134824
DB08970	135989
DB08971	135581
DB08972	85269
DB08973	135787
DB08974	77095
DB08975	135279
DB08976	31612
DB08978	135781
DB08979	94558
DB08980	94434
DB08981	31599
DB08982	553487
DB08983	135535
DB08984	94731
DB08985	91518
DB08986	135272
DB08987	4904
DB08988	135074
DB08989	92675
DB08990	82716
DB08991	31545
DB08992	77070
DB08994	135383
DB08995	4631
DB08996	135233
DB08997	135531
DB08998	135152
DB08999	134766
DB09000	135379
DB09002	94448
DB09003	135778
DB09004	94381
DB09006	31412
DB09007	135288
DB09008	3537
DB09009	91834
DB09010	31360
DB09011	134859
DB09013	135212
DB09014	135521
DB09015	50156
DB09017	31308
DB09018	95304
DB09019	77032
DB09020	3125
DB09021	135017
DB09022	93826
DB09023	94775
DB09026	601027
DB09027	85089
DB09028	4055
DB09030	82702
DB09031	75283
DB09034	82698
DB09038	82720
DB09039	82752
DB09040	82718
DB09041	77942
DB09042	83326
DB09047	85176
DB09048	85155
DB09049	82975
DB09050	134719
DB09053	76612
DB09054	82701
DB09055	94688
DB09056	599440
DB09059	135899
DB09060	85984
DB09061	69478
DB09062	135817
DB09063	78432
DB09064	50867
DB09065	72291
DB09067	65307
DB09068	76016
DB09069	94789
DB09070	32223
DB09071	79042
DB09073	85993
DB09074	83766
DB09075	85973
DB09076	79041
DB09078	85994
DB09079	85164
DB09080	82700
DB09081	31687
DB09082	75037
DB09083	85966
DB09084	94563
DB09085	9468
DB09086	4917
DB09087	86463
DB09088	34981
DB09089	94458
DB09090	135811
DB09091	63560
DB09092	94314
DB09093	27644
DB09095	135624
DB09096	82405
DB09097	135627
DB09099	64628
DB09101	72289
DB09102	82977
DB09104	6637
DB09110	17905
DB09112	25567
DB09114	72999
DB09115	5950
DB09116	64301
DB09117	27909
DB09119	87016
DB09120	135952
DB09121	2930
DB09123	70708
DB09124	135446
DB09125	64733
DB09126	81570
DB09128	134716
DB09129	53351
DB09130	28694
DB09131	49553
DB09132	73732
DB09133	31713
DB09134	31717
DB09135	135884
DB09138	32186
DB09140	27140
DB09142	135946
DB09143	90863
DB09144	90914
DB09145	15377
DB09147	132767
DB09148	79033
DB09149	66880
DB09151	76611
DB09152	17997
DB09153	26710
DB09154	53258
DB09155	33681
DB09156	63578
DB09157	16526
DB09158	78900
DB09161	9423
DB09166	31583
DB09167	36803
DB09177	61074
DB09180	61099
DB09183	85182
DB09185	94405
DB09186	73410
DB09194	135589
DB09197	134701
DB09198	136052
DB09201	64227
DB09202	92950
DB09203	29081
DB09204	135569
DB09205	94754
DB09206	135710
DB09209	53579
DB09210	32010
DB09211	135594
DB09212	76172
DB09213	43415
DB09214	76128
DB09215	76133
DB09216	32243
DB09217	76136
DB09218	76200
DB09219	135955
DB09220	31905
DB09221	32024
DB09223	31296
DB09224	93626
DB09225	32316
DB09227	135793
DB09229	31232
DB09230	31247
DB09232	31399
DB09235	135859
DB09236	135737
DB09237	53796
DB09238	135849
DB09239	103931
DB09241	6872
DB09242	7009
DB09243	136055
DB09244	91755
DB09246	134978
DB09247	134988
DB09248	134728
DB09249	134768
DB09250	134773
DB09251	134799
DB09252	134868
DB09254	134867
DB09256	32188
DB09257	31652
DB09262	134720
DB09265	85662
DB09269	30745
DB09270	46245
DB09271	135516
DB09272	85980
DB09273	94714
DB09274	63918
DB09276	35864
DB09277	72321
DB09278	27594
DB09279	136044
DB09280	90951
DB09282	92623
DB09283	32254
DB09284	135072
DB09285	136018
DB09286	78549
DB09288	135089
DB09289	91749
DB09290	135156
DB09291	90908
DB09292	134714
DB09295	91991
DB09296	85183
DB09297	85188
DB09298	9144
DB09299	90926
DB09300	145701
DB09304	135076
DB09306	135044
DB09309	34812
DB09313	31718
DB09316	37117
DB09319	52015
DB09320	52154
DB09321	36560
DB09322	35176
DB09324	9321
DB09325	28741
DB09326	135980
DB09330	90943
DB09335	135829
DB09338	6771
DB09340	135862
DB09342	8496
DB09343	90879
DB09345	8357
DB09346	34847
DB09347	34521
DB09348	49073
DB09350	32687
DB09351	59254
DB09352	103855
DB09353	29385
DB09355	94677
DB09366	32064
DB09371	34895
DB09372	75211
DB09374	31696
DB09376	135534
DB09378	34474
DB09382	134740
DB09383	135573
DB09389	7630
DB09394	26078
DB09395	32954
DB09401	6060
DB09403	91662
DB09407	6636
DB09413	63036
DB09414	131527
DB09415	59732
DB09419	15936
DB09421	35940
DB09443	136002
DB09449	37585
DB09459	15671
DB09460	29377
DB09462	17754
DB09472	32149
DB09477	4786
DB09480	31708
DB09481	31793
DB09484	86431
DB09487	31715
DB09488	83168
DB09494	16125
DB09495	134751
DB09496	88667
DB09498	36383
DB09499	29279
DB09502	49136
DB09510	32285
DB09513	134711
DB09516	69441
DB09526	17594
DB09527	34972
DB09531	39427
DB09532	135913
DB09534	135830
DB09536	32234
DB09543	31832
DB09552	94514
DB09555	4465
DB09563	72322
DB09570	90942
DB09571	136013
DB11056	78067
DB11062	88639
DB11064	91642
DB11068	18170
DB11071	34918
DB11072	29228
DB11073	32914
DB11080	32130
DB11081	30114
DB11085	27810
DB11089	534
DB11090	63043
DB11091	16240
DB11092	135933
DB11096	135974
DB11098	81862
DB11100	15676
DB11102	21563
DB11104	30496
DB11107	32034
DB11109	29310
DB11110	131391
DB11115	135132
DB11117	35045
DB11119	33167
DB11121	34393
DB11123	29222
DB11125	94725
DB11126	3309
DB11127	26642
DB11129	75178
DB11132	30563
DB11134	75955
DB11135	27568
DB11136	28073
DB11137	28685
DB11140	50076
DB11142	62621
DB11145	48981
DB11148	3231
DB11150	133326
DB11151	32145
DB11153	32035
DB11155	48347
DB11156	8654
DB11157	37510
DB11159	76208
DB11160	135047
DB11176	27547
DB11180	135598
DB11181	5747
DB11182	87202
DB11183	87065
DB11184	51903
DB11185	135312
DB11186	94484
DB11190	31959
DB11191	18408
DB11192	15908
DB11195	17151
DB11201	135976
DB11203	27560
DB11204	27373
DB11206	135857
DB11211	81055
DB11217	18305
DB11219	135937
DB11220	28243
DB11221	34208
DB11228	53448
DB11231	15948
DB11235	104017
DB11239	74768
DB11246	31431
DB11248	29708
DB11250	75555
DB11254	93749
DB11255	50369
DB11256	15641
DB11257	17051
DB11259	4630
DB11260	136008
DB11262	135865
DB11263	8198
DB11264	31336
DB11267	136012
DB11268	50205
DB11269	136006
DB11273	59909
DB11274	59919
DB11275	135927
DB11278	113556
DB11279	88176
DB11282	7071
DB11283	241349
DB11288	28093
DB11290	37867
DB11296	75430
DB11304	64275
DB11309	26836
DB11315	135361
DB11323	86541
DB11324	46936
DB11326	33118
DB11327	136010
DB11328	75275
DB11331	34080
DB11335	81685
DB11336	27407
DB11337	16522
DB11340	64183
DB11343	37173
DB11344	76306
DB11345	15397
DB11346	33322
DB11348	9679
DB11359	28591
DB11362	90844
DB11363	90936
DB11364	94618
DB11365	9112
DB11366	92056
DB11367	31379
DB11368	135944
DB11371	34531
DB11373	2665
DB11374	85265
DB11376	88301
DB11379	82106
DB11382	94806
DB11385	95345
DB11386	134813
DB11387	35255
DB11389	94811
DB11390	3903
DB11395	73032
DB11396	34689
DB11397	34690
DB11398	95118
DB11403	78739
DB11404	35720
DB11408	38677
DB11410	77092
DB11412	34761
DB11413	87185
DB11421	39168
DB11423	92181
DB11424	39384
DB11426	94723
DB11428	48552
DB11429	34849
DB11430	27617
DB11434	81725
DB11436	135000
DB11437	62629
DB11438	39170
DB11442	16869
DB11446	35812
DB11447	37931
DB11448	38786
DB11450	32003
DB11451	32026
DB11455	76269
DB11456	82125
DB11457	28201
DB11458	35817
DB11460	15440
DB11461	59057
DB11462	145407
DB11463	114204
DB11464	94719
DB11466	76277
DB11468	44137
DB11473	6908
DB11475	17658
DB11477	92386
DB11478	35064
DB11490	7458
DB11491	94493
DB11495	39255
DB11496	34292
DB11497	38945
DB11502	94820
DB11504	135204
DB11511	4537
DB11512	38291
DB11513	93842
DB11516	52787
DB11517	135393
DB11518	76138
DB11519	60782
DB11521	51804
DB11522	34511
DB11526	63450
DB11541	82647
DB11544	80025
DB11547	145405
DB11549	94356
DB11551	35018
DB11552	81494
DB11558	17578
DB11560	90929
DB11561	74789
DB11562	3092
DB11570	135932
DB11574	132967
DB11575	132975
DB11576	50819
DB11577	90117
DB11581	133021
DB11582	94557
DB11583	135523
DB11584	135101
DB11586	134723
DB11588	17245
DB11589	33310
DB11590	9546
DB11591	135954
DB11594	135978
DB11596	63606
DB11602	85249
DB11609	135242
DB11610	134822
DB11611	133023
DB11613	133009
DB11614	135673
DB11616	94770
DB11617	74619
DB11618	135863
DB11619	89642
DB11620	135145
DB11622	31459
DB11623	3354
DB11625	39428
DB11628	135908
DB11629	135942
DB11630	9437
DB11632	134699
DB11633	85979
DB11636	135993
DB11637	134742
DB11638	207229
DB11640	135948
DB11641	90241
DB11642	134709
DB11644	78538
DB11648	131168
DB11651	71952
DB11656	93814
DB11659	30430
DB11662	124917
DB11663	65326
DB11664	8614
DB11666	71954
DB11667	145435
DB11672	3962
DB11673	16410
DB11674	34741
DB11675	94373
DB11678	82557
DB11689	90227
DB11692	140478
DB11693	135957
DB11695	15727
DB11696	91508
DB11698	134724
DB11699	32269
DB11705	31710
DB11710	16797
DB11720	55438
DB11721	94409
DB11725	92976
DB11735	17118
DB11738	8862
DB11739	136048
DB11740	91414
DB11742	31528
DB11743	95089
DB11748	41039
DB11750	205919
DB11753	29673
DB11757	134726
DB11759	95028
DB11762	48045
DB11763	91407
DB11770	135533
DB11774	94700
DB11775	93751
DB11778	94490
DB11780	28411
DB11781	95044
DB11783	135654
DB11789	52023
DB11794	131166
DB11800	91327
DB11812	135875
DB11815	60257
DB11817	95341
DB11820	7566
DB11823	60799
DB11824	136041
DB11828	61397
DB11830	94525
DB11831	34718
DB11832	145365
DB11836	91450
DB11841	132082
DB11842	58506
DB11845	65209
DB11846	16737
DB11848	48042
DB11858	28666
DB11859	50169
DB11869	8985
DB11870	86474
DB11874	79068
DB11875	50182
DB11876	74387
DB11886	63451
DB11888	134741
DB11892	32071
DB11898	50992
DB11911	137064
DB11921	135720
DB11933	62881
DB11935	135813
DB11937	18344
DB11948	10429
DB11950	136042
DB11952	131169
DB11956	141530
DB11958	94562
DB11963	132268
DB11964	135544
DB11967	145371
DB11978	145428
DB11989	133833
DB11992	134735
DB11994	94708
DB11996	135870
DB11998	32152
DB12006	131164
DB12007	18220
DB12015	93752
DB12017	134938
DB12021	95060
DB12025	9747
DB12028	472552
DB12029	16112
DB12039	90
DB12052	78420
DB12054	2965
DB12064	91409
DB12079	31646
DB12082	31237
DB12086	135418
DB12087	18353
DB12091	33375
DB12092	31891
DB12093	16563
DB12100	142077
DB12110	10588
DB12111	92360
DB12116	4806
DB12123	135676
DB12126	3165
DB12127	51770
DB12130	143117
DB12131	32297
DB12141	145372
DB12146	145417
DB12148	78277
DB12153	16436
DB12156	29014
DB12160	31312
DB12163	135697
DB12172	134929
DB12173	53074
DB12176	76978
DB12179	65004
DB12181	95001
DB12183	132986
DB12184	135990
DB12185	135709
DB12190	51257
DB12200	91398
DB12212	135809
DB12214	134725
DB12216	18293
DB12221	135445
DB12223	53612
DB12224	125673
DB12230	135576
DB12231	38954
DB12232	466659
DB12233	31689
DB12235	142773
DB12242	131156
DB12243	31530
DB12245	94759
DB12247	63453
DB12248	93856
DB12251	135307
DB12254	95043
DB12257	33364
DB12270	131167
DB12273	93645
DB12278	8493
DB12290	8633
DB12291	90195
DB12293	88318
DB12298	412516
DB12300	82504
DB12307	91418
DB12308	1712
DB12310	16551
DB12313	135507
DB12314	135192
DB12319	3023
DB12326	65415
DB12327	67900
DB12328	64213
DB12332	134689
DB12338	135966
DB12340	94128
DB12343	51817
DB12358	134778
DB12359	90687
DB12364	140421
DB12369	90531
DB12376	95073
DB12385	81395
DB12395	125535
DB12400	124914
DB12401	31305
DB12403	33374
DB12405	65310
DB12406	143527
DB12407	31701
DB12412	134731
DB12417	136043
DB12418	32111
DB12422	47808
DB12429	91353
DB12432	91437
DB12434	145030
DB12442	65324
DB12444	58128
DB12445	125482
DB12447	31889
DB12450	10607
DB12452	16188
DB12453	29415
DB12458	7035
DB12459	135702
DB12463	131158
DB12465	6123
DB12466	134722
DB12472	82722
DB12473	135173
DB12474	31790
DB12478	92833
DB12480	3087
DB12481	32595
DB12482	34523
DB12492	135699
DB12494	95061
DB12500	91408
DB12510	25812
DB12515	80755
DB12518	92070
DB12519	57433
DB12521	7307
DB12523	31857
DB12529	16301
DB12532	31947
DB12536	17122
DB12539	77319
DB12545	135239
DB12551	5862
DB12553	5108
DB12554	91514
DB12561	78030
DB12565	92223
DB12582	28821
DB12598	135466
DB12601	65345
DB12604	9169
DB12610	77543
DB12617	31858
DB12618	2781
DB12622	6570
DB12624	135826
DB12629	134267
DB12645	94187
DB12661	32278
DB12665	68352
DB12667	32066
DB12668	6618
DB12676	1989
DB12686	91371
DB12692	135609
DB12693	64195
DB12695	351346
DB12697	27812
DB12700	9185
DB12703	95093
DB12708	135755
DB12709	35020
DB12710	59118
DB12711	77752
DB12712	135127
DB12727	135223
DB12728	83291
DB12730	67357
DB12736	75473
DB12742	91389
DB12745	90677
DB12750	7549
DB12751	6650
DB12754	16382
DB12764	124965
DB12765	59059
DB12766	135078
DB12770	31759
DB12771	68889
DB12774	91329
DB12779	18418
DB12780	135493
DB12783	64187
DB12787	135282
DB12789	15553
DB12792	81822
DB12794	52240
DB12802	75251
DB12816	78884
DB12821	134964
DB12831	93036
DB12832	82524
DB12833	145673
DB12834	94433
DB12838	82162
DB12843	59030
DB12846	135612
DB12847	93953
DB12848	91425
DB12856	133584
DB12859	33348
DB12860	33337
DB12863	135704
DB12864	6729
DB12865	134700
DB12867	93403
DB12868	135474
DB12869	91784
DB12870	28714
DB12874	90217
DB12877	31943
DB12879	41778
DB12881	24814
DB12884	6550
DB12902	135381
DB12904	90545
DB12907	37675
DB12911	32322
DB12916	135311
DB12923	34772
DB12924	136050
DB12926	135510
DB12927	135580
DB12930	94614
DB12931	92728
DB12938	141213
DB12939	623918
DB12940	30218
DB12942	75323
DB12944	16204
DB12945	134841
DB12946	73282
DB12947	31521
DB12951	134834
DB12954	135278
DB12958	135182
DB12961	15647
DB12965	9141
DB12966	93243
DB12967	43996
DB12969	28548
DB12970	37626
DB12972	11909
DB12975	135951
DB12978	145373
DB12979	139334
DB12980	95016
DB12982	27573
DB12983	34921
DB12985	94771
DB12993	33391
DB12996	132853
DB13001	135353
DB13003	135820
DB13005	62166
DB13009	3392
DB13014	5835
DB13025	94666
DB13026	75176
DB13028	3089
DB13031	33344
DB13034	125492
DB13036	32087
DB13038	53753
DB13039	135317
DB13042	135744
DB13050	135853
DB13056	93307
DB13061	91366
DB13064	134893
DB13066	135316
DB13069	75270
DB13070	125484
DB13071	134856
DB13075	44245
DB13082	135004
DB13083	102167
DB13084	135554
DB13089	30853
DB13091	135758
DB13092	135772
DB13099	134767
DB13100	3095
DB13105	81559
DB13108	59331
DB13110	30513
DB13113	91417
DB13114	135224
DB13115	134708
DB13125	136051
DB13129	136027
DB13132	223316
DB13134	36939
DB13136	134975
DB13139	8746
DB13145	31898
DB13146	134703
DB13153	125
DB13154	28078
DB13155	4853
DB13165	136046
DB13166	78539
DB13167	31183
DB13169	7466
DB13171	75342
DB13174	8825
DB13177	91117
DB13178	17268
DB13179	45735
DB13180	33198
DB13182	28197
DB13185	31940
DB13190	135032
DB13191	17287
DB13203	135605
DB13204	136029
DB13205	135803
DB13207	31234
DB13208	135572
DB13209	31293
DB13210	78667
DB13211	134871
DB13212	31991
DB13213	135663
DB13214	135039
DB13215	63836
DB13216	94607
DB13217	94523
DB13218	35825
DB13219	135061
DB13221	134827
DB13222	134965
DB13224	81302
DB13225	93394
DB13227	91780
DB13228	134972
DB13229	81294
DB13230	135991
DB13232	32173
DB13233	91544
DB13234	135432
DB13235	30175
DB13237	108581
DB13238	134753
DB13239	135789
DB13240	4037
DB13242	50095
DB13243	90239
DB13244	134774
DB13245	9495
DB13246	135292
DB13247	135110
DB13248	9336
DB13250	6884
DB13251	17134
DB13253	134928
DB13255	135104
DB13256	31424
DB13257	75832
DB13258	135692
DB13259	47554
DB13262	93847
DB13264	75258
DB13265	135843
DB13266	131730
DB13267	136023
DB13268	135135
DB13269	48220
DB13270	37945
DB13272	135034
DB13273	9356
DB13274	81283
DB13275	135057
DB13276	81300
DB13277	135814
DB13278	31311
DB13279	135525
DB13280	138819
DB13282	135611
DB13283	32166
DB13284	31839
DB13285	134796
DB13286	76119
DB13288	135163
DB13289	135025
DB13291	135066
DB13292	94787
DB13294	135238
DB13296	87462
DB13297	134842
DB13300	58974
DB13303	135655
DB13304	27090
DB13305	135035
DB13306	74500
DB13307	32065
DB13309	94380
DB13311	32255
DB13312	135735
DB13313	134880
DB13314	31190
DB13316	135306
DB13317	76154
DB13318	4393
DB13319	135098
DB13320	131722
DB13321	134912
DB13323	16602
DB13324	135198
DB13325	135428
DB13326	383703
DB13327	93175
DB13328	55518
DB13329	5550
DB13330	31201
DB13331	94590
DB13332	82263
DB13333	31531
DB13334	136005
DB13335	135315
DB13336	4609
DB13337	52427
DB13338	131719
DB13339	82542
DB13341	134865
DB13342	135617
DB13343	568021
DB13344	134744
DB13345	59912
DB13346	31317
DB13347	81896
DB13348	135235
DB13349	135308
DB13350	135001
DB13351	91986
DB13352	271436
DB13353	135532
DB13354	31992
DB13355	10001
DB13356	134995
DB13357	134820
DB13358	135083
DB13361	136024
DB13362	31989
DB13364	31603
DB13366	17883
DB13367	135628
DB13368	135490
DB13369	135496
DB13370	77043
DB13371	76130
DB13374	9985
DB13376	9307
DB13378	134779
DB13381	78292
DB13382	135464
DB13383	135970
DB13384	135214
DB13386	34738
DB13387	36161
DB13388	136021
DB13389	136000
DB13391	78316
DB13392	6763
DB13393	4781
DB13394	134821
DB13395	135497
DB13396	134734
DB13397	135527
DB13398	135343
DB13399	32193
DB13400	136004
DB13401	135885
DB13403	31952
DB13405	31809
DB13406	135118
DB13407	31910
DB13409	32103
DB13411	47782
DB13412	135442
DB13413	135195
DB13414	134888
DB13415	34910
DB13416	31290
DB13417	134914
DB13418	34857
DB13419	32271
DB13420	135268
DB13421	135051
DB13422	135846
DB13423	135985
DB13424	16130
DB13425	82864
DB13428	31700
DB13429	134879
DB13430	135597
DB13431	32058
DB13432	76164
DB13433	32131
DB13434	83602
DB13435	135105
DB13436	135979
DB13437	31807
DB13438	134898
DB13439	135159
DB13441	31903
DB13442	94403
DB13443	31556
DB13444	83517
DB13445	135121
DB13449	32070
DB13451	135730
DB13452	31331
DB13453	49957
DB13454	135797
DB13455	136039
DB13456	31845
DB13457	135128
DB13458	135449
DB13459	32289
DB13460	135588
DB13461	131729
DB13462	135055
DB13463	135364
DB13464	136020
DB13465	135067
DB13466	50189
DB13468	135972
DB13469	59141
DB13470	63214
DB13471	136019
DB13472	31446
DB13474	135141
DB13476	135245
DB13478	91484
DB13479	135164
DB13481	35847
DB13482	135374
DB13483	31563
DB13484	135488
DB13485	32163
DB13486	81304
DB13487	34893
DB13488	135205
DB13489	135165
DB13490	135840
DB13493	61024
DB13494	134932
DB13495	27827
DB13496	135177
DB13497	135303
DB13499	3507
DB13500	135780
DB13501	31257
DB13502	135228
DB13504	135629
DB13505	135169
DB13506	3414
DB13507	135443
DB13508	135217
DB13510	94538
DB13511	92309
DB13512	135963
DB13513	135457
DB13514	32040
DB13515	136003
DB13516	135965
DB13517	135950
DB13518	17548
DB13520	64216
DB13523	135600
DB13524	135538
DB13526	134760
DB13527	76263
DB13529	71157
DB13530	135082
DB13531	81301
DB13532	91686
DB13533	34896
DB13536	109543
DB13538	135185
DB13539	31707
DB13542	135495
DB13543	34853
DB13544	31564
DB13545	135275
DB13546	135668
DB13547	32165
DB13548	135760
DB13549	135941
DB13550	92338
DB13551	114195
DB13552	135662
DB13553	55486
DB13554	135500
DB13555	135560
DB13556	131763
DB13557	59119
DB13558	135657
DB13561	135069
DB13563	135231
DB13564	135602
DB13565	135537
DB13567	135960
DB13569	30812
DB13571	31639
DB13572	134769
DB13573	94615
DB13574	94362
DB13575	125518
DB13577	134875
DB13578	81295
DB13579	135373
DB13580	9309
DB13581	135440
DB13582	31605
DB13583	94398
DB13584	503442
DB13585	136001
DB13586	6810
DB13587	135293
DB13588	91817
DB13591	135726
DB13592	135157
DB13593	135125
DB13596	135094
DB13597	94665
DB13598	35702
DB13599	135969
DB13600	4388
DB13601	134788
DB13602	73390
DB13603	32079
DB13604	134828
DB13605	135550
DB13606	8056
DB13607	135768
DB13608	135637
DB13609	134730
DB13610	135987
DB13611	135058
DB13613	136026
DB13614	136017
DB13616	43966
DB13617	31421
DB13618	31719
DB13620	32032
DB13623	135309
DB13624	134817
DB13625	135100
DB13627	138856
DB13628	31575
DB13629	76252
DB13630	135175
DB13631	135848
DB13632	135194
DB13634	135091
DB13635	135549
DB13637	81292
DB13638	135856
DB13640	81306
DB13642	75247
DB13643	135754
DB13644	82346
DB13645	134732
DB13648	55313
DB13649	135151
DB13651	135646
DB13652	135392
DB13653	135568
DB13655	134814
DB13656	83584
DB13657	135340
DB13659	135042
DB13660	52429
DB13661	82349
DB13662	134823
DB13663	31418
DB13664	135834
DB13666	32224
DB13667	3502
DB13668	125612
DB13669	34856
DB13670	135610
DB13671	31477
DB13672	81224
DB13673	28098
DB13674	136036
DB13675	135328
DB13676	135775
DB13677	31356
DB13678	135367
DB13679	4464
DB13680	134890
DB13681	135354
DB13682	3503
DB13683	93295
DB13684	135685
DB13686	131732
DB13687	135505
DB13690	81293
DB13692	135461
DB13694	80756
DB13695	135447
DB13696	135394
DB13697	134962
DB13698	86235
DB13699	131723
DB13701	135999
DB13706	52053
DB13707	63017
DB13708	135435
DB13709	135007
DB13710	135283
DB13711	135802
DB13712	82241
DB13713	134746
DB13715	92842
DB13716	34687
DB13717	34916
DB13718	135994
DB13719	135172
DB13720	93636
DB13721	4042
DB13722	135028
DB13723	131843
DB13724	135180
DB13725	135168
DB13726	94621
DB13727	134955
DB13728	135724
DB13729	135632
DB13730	88255
DB13731	135310
DB13733	134752
DB13736	134903
DB13737	134957
DB13738	95216
DB13739	131733
DB13740	92269
DB13741	135902
DB13744	32019
DB13746	39118
DB13747	28621
DB13751	15939
DB13752	39397
DB13753	34619
DB13754	134916
DB13755	31702
DB13756	135825
DB13757	4800
DB13758	6712
DB13759	94773
DB13760	135706
DB13762	134729
DB13764	134704
DB13765	31823
DB13766	93095
DB13767	135387
DB13768	134992
DB13770	134922
DB13772	8909
DB13773	102516
DB13775	135244
DB13776	135996
DB13777	8391
DB13778	131731
DB13779	135992
DB13780	31194
DB13781	10055
DB13782	135256
DB13783	31162
DB13784	135695
DB13785	93837
DB13787	77822
DB13788	135708
DB13790	94598
DB13791	92278
DB13792	94521
DB13793	4740
DB13794	135517
DB13795	131726
DB13796	31479
DB13797	135998
DB13799	81296
DB13800	81717
DB13801	135124
DB13803	135499
DB13804	134902
DB13805	135079
DB13806	34823
DB13807	134776
DB13808	135144
DB13810	135048
DB13813	37758
DB13814	9391
DB13815	135341
DB13816	31240
DB13817	134961
DB13818	135953
DB13819	135191
DB13820	135408
DB13821	135716
DB13822	134748
DB13823	75250
DB13824	31538
DB13825	135468
DB13826	34273
DB13827	134863
DB13828	4034
DB13832	32089
DB13835	135541
DB13836	52060
DB13837	82460
DB13838	134756
DB13839	107635
DB13840	135995
DB13841	59115
DB13842	135405
DB13843	135619
DB13844	95178
DB13845	135389
DB13846	135334
DB13848	49166
DB13849	135401
DB13851	135335
DB13852	134883
DB13853	31221
DB13854	28661
DB13855	135136
DB13856	135986
DB13857	135339
DB13858	103934
DB13861	135893
DB13863	16905
DB13865	4363
DB13866	50785
DB13867	5134
DB13868	2469
DB13871	16959
DB13872	52993
DB13873	83469
DB13874	145374
DB13875	28172
DB13877	95067
DB13882	134761
DB13908	48213
DB13909	31292
DB13911	87192
DB13916	134606
DB13917	10554
DB13918	145412
DB13919	3347
DB13929	93701
DB13941	91231
DB13943	9463
DB13944	9464
DB13946	135741
DB13949	29034
DB13950	73295
DB13952	135981
DB13953	77006
DB13954	34745
DB13956	31561
DB13960	31306
DB13963	35290
DB13966	90027
DB13967	59601
DB13971	27698
DB13972	16811
DB13977	131526
DB13978	90369
DB13981	135564
DB13984	30365
DB13988	92426
DB13989	135688
DB13992	135068
DB13996	62964
DB14000	46785
DB14001	135821
DB14002	32321
DB14006	3668
DB14007	35739
DB14008	75902
DB14010	2086
DB14015	26709
DB14020	17682
DB14025	94459
DB14026	59124
DB14028	111762
DB14031	27919
DB14033	135975
DB14037	73058
DB14038	27693
DB14043	71464
DB14044	134949
DB14049	17632
DB14051	140173
DB14052	140174
DB14054	2873
DB14055	87738
DB14056	7569
DB14057	28545
DB14058	61739
DB14060	73458
DB14061	52768
DB14062	73167
DB14063	77734
DB14064	34736
DB14065	94682
DB14066	49
DB14068	103932
DB14073	32425
DB14074	143733
DB14075	51805
DB14077	9254
DB14078	43945
DB14079	134793
DB14081	79928
DB14082	136015
DB14083	34578
DB14084	88542
DB14085	22977
DB14086	15600
DB14088	65136
DB14090	9349
DB14103	87826
DB14104	17351
DB14107	64984
DB14109	29710
DB14110	52683
DB14111	85204
DB14119	46961
DB14121	7926
DB14125	88200
DB14126	63625
DB14128	44215
DB14129	94153
DB14132	59771
DB14135	24757
DB14141	51403
DB14144	17602
DB14150	17322
DB14151	30207
DB14154	30050
DB14156	36773
DB14159	134844
DB14160	33341
DB14173	136014
DB14175	32318
DB14176	34571
DB14177	32063
DB14180	53001
DB14182	33141
DB14183	17447
DB14184	16731
DB14185	90930
DB14186	33227
DB14187	53459
DB14188	18224
DB14189	30347
DB14191	144319
DB14193	144351
DB14194	144323
DB14195	63569
DB14197	53621
DB14198	59607
DB14199	62823
DB14201	53239
DB14204	49786
DB14205	48828
DB14206	35696
DB14207	116962
DB14208	77363
DB14209	141521
DB14212	31835
DB14213	132041
DB14217	140296
DB14475	422
DB14476	93909
DB14481	4496
DB14482	113451
DB14487	62984
DB14491	31607
DB14492	5948
DB14496	75215
DB14498	32029
DB14499	32036
DB14500	32589
DB14502	34683
DB14506	33979
DB14507	64735
DB14509	6504
DB14510	29033
DB14511	30089
DB14512	47564
DB14516	29101
DB14519	49470
DB14521	49468
DB14522	16234
DB14523	18367
DB14524	84043
DB14525	49544
DB14527	86204
DB14529	50368
DB14531	41609
DB14532	29105
DB14533	49976
DB14534	49482
DB14538	135746
DB14539	17609
DB14540	31674
DB14541	5783
DB14542	68634
DB14543	31675
DB14544	50865
DB14545	31677
DB14546	16189
DB14547	17996
DB14552	29036
DB14568	145430
DB14569	82717
DB14570	17252
DB14572	85545
DB14574	27638
DB14577	29108
DB14578	49618
DB14579	49701
DB14583	135563
DB14589	34056
DB00873	50848
DB14598	4757
DB14600	64734
DB14623	37580
DB14626	34930
DB14627	135638
DB14630	133530
DB14631	145705
DB14632	8381
DB14633	135745
DB14634	135700
DB14638	4601
DB14640	34517
DB14642	94802
DB14643	135762
DB14644	135765
DB14645	37382
DB14646	34655
DB14649	4463
DB14650	134713
DB14654	31294
DB14655	31523
DB14656	3643
DB14657	31963
DB14658	3605
DB14659	34831
DB14667	27905
DB14669	68603
DB14674	68643
DB14677	31650
DB14678	34894
DB14679	135661
DB14681	16962
DB14682	29133
DB14702	75221
DB14704	15963
DB14705	67041
DB14706	67033
DB14708	53782
DB14719	135252
DB14720	135832
DB14725	53654
DB14726	70752
DB14727	32097
DB14729	135511
DB14732	17433
DB14733	135968
DB14734	69477
DB14735	3357
DB14737	3360
DB14739	32354
DB14750	36691
DB14756	15673
DB14761	145994
DB14763	135029
DB14815	77148
DB14820	144786
DB14826	131999
DB14895	142418
DB14904	94793
DB14933	15927
DB14938	31627
DB14939	145536
DB14972	38721
DB14980	91359
DB14981	17401
DB15006	39382
DB15021	82937
DB15026	86285
DB15049	32159
DB15056	3093
DB15059	76609
DB15073	47014
DB15087	27605
DB15107	49135
DB15117	32253
DB15136	145012
DB15201	7623
DB15204	34549
DB15230	81987
DB15236	48204
DB15246	9017
DB15254	78825
DB15261	143863
DB15289	10782
DB15293	31539
DB15316	82009
DB15318	33372
DB15323	134715
DB15334	17574
DB15335	18088
DB15344	37084
DB15350	27374
DB15357	10056
DB15359	66331
DB15361	37804
DB15392	30514
DB15394	18185
DB15399	88339
DB15429	30065
DB15445	140408
DB15456	142432
DB15458	18347
DB15477	73222
DB15480	29672
DB15488	4745
DB15489	31842
DB15491	31944
DB15492	92874
DB15495	66309
DB15532	66651
DB15533	31346
DB15535	53472
DB15536	30808
DB15565	81005
DB15566	8380
DB15573	36740
DB15574	50025
DB15576	88839
DB15580	83719
DB15581	75095
DB15583	39374
DB15584	15864
DB15586	74926
DB15588	9908
DB15589	68657
DB15596	135400
DB15597	91829
DB15614	8403
DB15645	28429
DB15648	31344
DB15662	144328
DB15666	83279
DB15686	147281
DB15759	50688
DB15760	53470
DB15761	135467
DB15764	31268
DB15774	2500
DB15775	49327
DB15778	43451
DB15779	135608
DB15782	75584
DB15783	135433
DB15785	135096
DB15790	135360
DB15830	8913
DB15831	35932
DB15832	137228
DB15833	15614
DB15842	114786
DB15861	135492
DB15872	143890
DB15875	31038
DB15878	36264
DB15882	135107
DB15883	135749
DB15884	53620
DB15885	139355
DB15888	135438
DB15901	34429
DB15902	134878
DB15903	31394
DB15905	28345
DB15906	27518
DB15909	35147
DB15911	75915
DB15912	31342
DB15914	10362
DB15916	35616
DB15917	3830
DB15918	36612
DB15919	27791
DB15920	36742
DB15921	32239
DB15924	30627
DB15927	87362
DB15930	3390
DB15931	3573
DB15932	52140
DB15933	134818
DB15942	135524
DB15944	63930
DB15945	32013
DB15947	135547
DB15949	2524
DB15952	63005
DB15953	32154
DB15954	28973
DB15956	22469
DB15957	32320
DB15959	32264
DB15962	35437
DB15963	17460
DB15964	132754
DB15967	888
DB15968	145697
DB15970	135618
DB15971	135459
DB15975	88258
DB15976	135420
DB15977	9955
DB15978	135253
DB15979	91588
DB15980	53210
DB15984	81712
DB15985	16080
DB15990	74392
DB15991	73517
DB15992	85537
DB15994	16183
DB15995	48107
DB15997	38826
DB16000	134850
DB16001	35000
DB16002	35001
DB16004	135216
DB16005	9661
DB16008	94575
DB16021	64119
DB16023	18338
DB16027	136927
DB16062	93522
DB16084	17128
DB16101	2979
DB16108	91360
DB16120	76132
DB16126	142433
DB16138	144046
DB16139	124993
DB16159	42446
DB16163	31592
DB16164	5011
DB16168	147412
DB16183	36162
DB16203	30362
DB16219	37908
DB16231	142825
DB16239	95082
DB16273	31938
DB16288	7889
DB16292	38848
DB16300	142431
DB16308	135529
DB16340	38899
DB16403	28299
DB16404	3440
